"id","y","fold","va_intact","va_moderate","va_severe"
6,0,2,0.898453555699032,0.0782633491075478,0.02328309519342
14,0,1,0.796534830461797,0.15955627276856,0.0439088967696426
17,0,0,0.776848991459204,0.171445287049636,0.05170572149116
18,0,1,0.84457352790738,0.110926776763198,0.0444996953294223
20,0,4,0.791524780698973,0.178435562341225,0.0300396569598022
21,0,2,0.803097345132743,0.154709228824273,0.0421934260429836
22,0,2,0.803149606299213,0.15748031496063,0.0393700787401575
29,0,4,0.789450961526601,0.17940273100692,0.0311463074664792
31,0,3,0.596486628211851,0.188778185631883,0.214735186156266
32,0,1,0.840743434182432,0.113660287637435,0.0455962781801337
35,0,3,0.870947135803322,0.0981175834167789,0.0309352807798994
39,0,1,0.796534830461797,0.15955627276856,0.0439088967696426
40,0,2,0.706341538818255,0.218765699269622,0.0748927619121227
43,0,0,0.776848991459204,0.171445287049636,0.05170572149116
53,0,3,0.817284910548605,0.138677119882503,0.0440379695688921
55,0,3,0.755133674681287,0.203423765424347,0.0414425598943663
56,0,1,0.861136043082447,0.112322092575971,0.0265418643415823
60,1,2,0.800285306704708,0.156918687589158,0.0427960057061341
61,1,1,0.795691624569645,0.160217510215901,0.0440908652144535
63,0,3,0.869555758998577,0.0979608362112464,0.0324834047901767
66,0,3,0.549490420836126,0.26997296110559,0.180536618058284
68,0,3,0.742002353073001,0.14236091657796,0.115636730349039
69,0,0,0.764587525150905,0.170020120724346,0.0653923541247485
78,0,0,0.761875824468569,0.169417124125248,0.0687070514061836
79,1,0,0.710630548600045,0.21925791031186,0.0701115410880947
80,0,4,0.828242735969144,0.156430967788821,0.0153262962420355
83,0,0,0.776627014657434,0.172697322996193,0.0506756623463731
85,1,2,0.818341386485753,0.139050756201353,0.0426078573128945
88,0,4,0.644671228110866,0.252812246317987,0.102516525571147
89,0,1,0.540017940795375,0.278580683743646,0.181401375460979
92,0,2,0.889290664738143,0.0881697101187248,0.0225396251431326
94,0,3,0.886261089283483,0.0862152744033653,0.0275236363131516
97,0,1,0.821866932792419,0.146713077525392,0.0314199896821897
100,0,0,0.678129068140008,0.248225450589479,0.0736454812705126
103,0,0,0.668153889243858,0.156648519487794,0.175197591268348
104,0,1,0.88339345873105,0.093464345873105,0.023142195395845
119,0,1,0.742243227168763,0.154256495411599,0.103500277419638
120,0,0,0.645832552366434,0.269768875449316,0.0843985721842499
128,0,2,0.805589307411908,0.157958687727825,0.0364520048602673
135,0,4,0.880593708462561,0.107665042091272,0.0117412494461675
149,0,3,0.640819156152759,0.314844151161901,0.0443366926853396
150,1,1,0.534388787957436,0.346021858868991,0.119589353173573
152,0,0,0.834544056063584,0.123066404580805,0.0423895393556106
154,0,2,0.575526526259664,0.376071566100892,0.0484019076394443
156,0,0,0.780886622078943,0.172336364657011,0.0467770132640459
160,0,1,0.880707347071965,0.0909284871608223,0.028364165767213
169,1,3,0.627275136737103,0.308189769414259,0.0645350938486375
171,0,2,0.93402120408936,0.044632714880727,0.0213460810299129
172,1,0,0.87696068445712,0.0896312894683235,0.0334080260745569
175,0,3,0.923630080631891,0.052624650320882,0.0237452690472273
183,0,1,0.856663104869485,0.111738665852542,0.0315982292779728
185,0,2,0.926557933440181,0.0501555576506081,0.0232865089092109
186,0,4,0.84450871096392,0.142407351260583,0.0130839377754974
190,1,0,0.750689500352768,0.166929638894234,0.0823808607529985
191,0,0,0.611217097755717,0.316464273786854,0.0723186284574288
196,0,1,0.658433425617625,0.222136054925917,0.119430519456458
201,0,2,0.801720398341118,0.123144695952642,0.0751349057062403
202,0,0,0.760909783436718,0.169202307106323,0.0698879094569594
208,1,4,0.673661411925977,0.308726525017135,0.0176120630568883
210,0,4,0.656102108131364,0.157464505951527,0.186433385917109
211,1,3,0.604517779934704,0.297008735551046,0.0984734845142504
213,0,1,0.85535809403903,0.112343227930851,0.0322986780301196
214,0,3,0.920814479638009,0.052790346907994,0.026395173453997
230,0,4,0.618501254930082,0.14844030118322,0.233058443886698
231,0,2,0.926811841819142,0.0501693019788139,0.023018856202044
237,2,3,0.168408210894818,0.568874980109266,0.262716808995916
241,1,3,0.346087626026985,0.579020186152773,0.0748921878202417
246,2,0,0.0220827850288883,0.492912450672771,0.485004764298341
250,1,1,0.0987957859500388,0.795731341423307,0.105472872626654
259,2,4,0.05263530517278,0.639205514542611,0.308159180284609
260,2,0,0.0150203454796449,0.766814533883253,0.218165120637102
262,2,3,0.184872846423264,0.732707061053671,0.0824200925230651
265,2,0,0.193853925489371,0.483056198695012,0.323089875815618
271,2,2,0.306682178126324,0.442466208053907,0.25085161381977
273,2,4,0.029986963655856,0.946021057794918,0.0239919785492256
278,2,1,0.0188881203265661,0.746840619809049,0.234271259864385
280,2,1,0.15880509580792,0.640333214430282,0.200861689761798
281,2,2,0.0656421721740238,0.556967517612441,0.377390310213535
282,1,0,0.0141809420424157,0.652566919960814,0.33325213799677
284,1,2,0.164586561174967,0.493255247956327,0.342158190868706
286,0,0,0.0173862123292923,0.887596115638528,0.0950176720321791
287,2,1,0.257085177420607,0.520847891917074,0.222066930662318
289,0,2,0.310922492740675,0.42104087558633,0.268036631672995
291,1,1,0.24733268671193,0.46168768186227,0.2909796314258
292,1,3,0.0186859415193909,0.651562149314887,0.329751909165722
293,2,1,0.0191995638232965,0.702218529721029,0.278581906455675
299,1,0,0.0429013510453619,0.740492112612273,0.216606536342365
302,0,2,0.159228908090579,0.572965860085937,0.267805231823484
308,2,3,0.374294605822329,0.413157856225253,0.212547537952418
310,2,4,0.0201646764303558,0.710096246102711,0.269739077466934
311,1,1,0.123684180416028,0.724842101649923,0.151473717934049
314,1,3,0.176824817518248,0.753832116788321,0.0693430656934306
315,2,1,0.0303001226078149,0.731527977681824,0.238171899710361
317,2,2,0.368884125520301,0.537648612945839,0.0934672615338601
325,2,3,0.0155383271268484,0.524877349402988,0.459584323470163
326,1,2,0.124626635244111,0.516848887054427,0.358524477701462
331,2,2,0.410914042435838,0.36725442542703,0.221831532137132
332,2,0,0.208446866485014,0.471162579473206,0.32039055404178
337,2,1,0.0202090592334495,0.739140534262485,0.240650406504065
339,1,0,0.0788194527043636,0.555796084401836,0.3653844628938
343,2,2,0.0530702177431258,0.557129454795441,0.389800327461433
348,2,3,0.310392418030889,0.423734779282225,0.265872802686886
350,1,3,0.074796004445698,0.65507099731336,0.270132998240942
354,2,1,0.180077728016925,0.624140090941419,0.195782181041657
355,1,2,0.0222806664977414,0.619699604190513,0.358019729311746
360,2,1,0.0382853716016316,0.56325839506828,0.398456233330089
369,2,0,0.0143481839597441,0.732499529393143,0.253152286647113
373,1,4,0.36732573085022,0.347198293543359,0.285475975606421
376,1,1,0.185779731088681,0.619799620097583,0.194420648813736
384,1,0,0.0183540604604345,0.641440318862227,0.340205620677339
385,0,1,0.25606240024713,0.705117644030273,0.0388199557225969
391,1,4,0.292765002804262,0.594543706433779,0.112691290761958
393,2,1,0.24733268671193,0.46168768186227,0.2909796314258
396,1,0,0.20488126872366,0.566838176802126,0.228280554474214
397,1,1,0.264581954939583,0.489653341226451,0.245764703833966
399,2,2,0.305301280113925,0.444976615766045,0.249722104120031
400,1,1,0.230955123318898,0.653985711984188,0.115059164696915
405,2,3,0.0681355547007345,0.570705107693476,0.36115933760579
408,0,1,0.197920048941551,0.685980652387506,0.116099298670942
409,0,1,0.232909133235043,0.652324047489718,0.114766819275239
411,0,0,0.50074213836478,0.42062893081761,0.07862893081761
414,0,4,0.279143294237634,0.450382457929628,0.270474247832738
419,1,0,0.0141463414634146,0.653414634146341,0.332439024390244
423,0,1,0.230992371305853,0.636082441182127,0.13292518751202
424,0,3,0.169224071429117,0.590069275244984,0.240706653325899
437,0,0,0.283289092470182,0.480818450061648,0.23589245746817
438,2,0,0.0297187488781328,0.549734419899075,0.420546831222792
445,2,1,0.0194831998679105,0.540658796334517,0.439858003797573
446,1,4,0.0220437187253095,0.572188569923624,0.405767711351067
449,1,2,0.019742002734048,0.457314280399613,0.522943716866339
450,2,2,0.0191307806444244,0.673463832333893,0.307405387021683
453,2,1,0.263976359187824,0.508004194337644,0.228019446474532
458,2,1,0.265932399537093,0.555608763318568,0.178458837144339
463,2,4,0.100169759910983,0.809191999885876,0.0906382402031413
467,2,3,0.140396457989357,0.539877154488663,0.31972638752198
473,0,1,0.22164534961451,0.610343598199563,0.168011052185926
474,1,2,0.124626635244111,0.516848887054427,0.358524477701462
486,0,2,0.534183193077205,0.398628866001933,0.0671879409208623
487,2,4,0.0221684691801651,0.449703231940493,0.528128298879342
492,2,3,0.0340258784481379,0.490417630941715,0.475556490610148
494,1,0,0.0624899946652755,0.853958099512023,0.0835519058227013
500,1,4,0.0201646764303558,0.710096246102711,0.269739077466934
515,2,1,0.0213698874467239,0.178182723499444,0.800447389053832
527,2,0,0.0133064688053661,0.185064967464105,0.801628563730529
535,2,3,0.0139240407957392,0.110661911589382,0.875414047614879
543,2,3,0.0160885135496285,0.220642471537763,0.763269014912609
549,2,4,0.0209959793437614,0.17367547962024,0.805328541035998
550,2,2,0.0158520736840105,0.0696997052748997,0.91444822104109
552,2,1,0.0136570561456753,0.039453717754173,0.946889226100152
554,2,4,0.0193757333776893,0.269740601924694,0.710883664697617
557,2,1,0.0176382280900983,0.115202339989434,0.867159431920468
559,2,3,0.0112352720927539,0.104568185366296,0.88419654254095
566,2,1,0.0157193844794378,0.115427364293456,0.868853251227106
567,2,1,0.0157304448784277,0.0581111157213906,0.926158439400182
574,2,3,0.014433663394468,0.405946782969414,0.579619553636118
580,2,2,0.0198849261268627,0.111960779714292,0.868154294158845
582,2,4,0.0184949767982509,0.158808823122411,0.822696200079338
583,2,4,0.0171708912510221,0.137367130008177,0.845461978740801
584,2,0,0.00983215113420886,0.0452278952173608,0.94493995364843
585,2,4,0.0206634114968055,0.158457967493194,0.820878621010001
586,2,0,0.0347711185692041,0.184469934303988,0.780758947126808
588,2,2,0.0190331804427555,0.123019337008054,0.857947482549191
597,2,3,0.0155262682794728,0.168080881025456,0.816392850695071
598,2,0,0.0125185750552191,0.299384155384179,0.688097269560602
600,2,0,0.0136879402708061,0.23393934281014,0.752372716919053
604,2,0,0.0145026440480618,0.188343548361014,0.797153807590925
605,2,4,0.0207138671963305,0.158844888481357,0.820441244322312
606,2,3,0.0202846548528265,0.12075118981785,0.858964155329324
609,2,1,0.0159210349284267,0.159658829141406,0.824420135930168
614,2,0,0.0139952211439996,0.098307894865168,0.887696883990832
619,2,1,0.0200906682948608,0.114914740391861,0.864994591313278
624,2,0,0.0148047570521506,0.152370127325054,0.832825115622795
626,2,1,0.292395774534312,0.242157890492702,0.465446334972986
628,2,4,0.0159151193633952,0.0742705570291777,0.909814323607427
629,2,2,0.0140378662443309,0.0513521944664411,0.934609939289228
631,2,0,0.0106723900890568,0.0876992055144235,0.90162840439652
639,2,2,0.0188967380378852,0.222285313235123,0.758817948726992
642,1,2,0.015760793074589,0.0934573824635352,0.890781824461876
645,2,2,0.0140702559020017,0.0514706797098865,0.934459064388112
647,2,1,0.01557323197476,0.0581203975458566,0.926306370479383
649,2,0,0.0116765949367518,0.0985390694662467,0.889784335597002
650,2,4,0.0216406274577658,0.184378145940164,0.79398122660207
651,2,0,0.0140920941079136,0.128192598013924,0.857715307878163
652,2,4,0.0200430902253834,0.244588335406632,0.735368574367985
653,2,1,0.0185148486821618,0.410610650284517,0.570874501033321
655,2,4,0.019423452528547,0.312979320176303,0.667597227295149
661,2,2,0.0195851467728493,0.167561811278822,0.812853041948329
664,2,3,0.0118230481655,0.104506024292388,0.883670927542112
667,2,4,0.0216406274577658,0.184378145940164,0.79398122660207
669,2,4,0.0184008288104405,0.182168205223361,0.799430965966198
671,2,1,0.0200906682948608,0.114914740391861,0.864994591313278
672,2,0,0.0267577277345792,0.186001415291818,0.787240856973603
673,1,4,0.0194891943926497,0.265464326499401,0.715046479107949
675,2,2,0.313725490196078,0.163398692810457,0.522875816993464
682,2,1,0.0185956179432757,0.162384269363816,0.819020112692908
691,2,2,0.0185395328735075,0.133041166135469,0.848419300991023
694,2,4,0.0237393005070706,0.268540314246649,0.70772038524628
695,2,4,0.276583381754794,0.278907611853573,0.444509006391633
702,2,2,0.0140702559020017,0.0514706797098865,0.934459064388112
703,2,1,0.0219644385280974,0.386992488352192,0.591043073119711
705,2,3,0.0151889791593077,0.168138466972801,0.816672553867891
708,2,2,0.0139502243519313,0.0487690770026866,0.937280698645382
713,2,0,0.0131775515697986,0.262503808754663,0.724318639675539
715,1,3,0.0155262682794728,0.168080881025456,0.816392850695071
722,2,0,0.0105303538226532,0.0469079397554552,0.942561706421892
723,2,1,0.0199903912434984,0.442086353476908,0.537923255279594
725,2,4,0.0304728294615226,0.291697568625213,0.677829601913264
727,2,2,0.0205773356526228,0.140001050787251,0.839421613560126
729,1,0,0.0114157294432346,0.0985650786074401,0.890019191949325
733,2,0,0.0116765949367518,0.0985390694662467,0.889784335597002
738,2,2,0.0206602034621929,0.128667515814702,0.850672280723106
745,2,1,0.0144103069068522,0.0471406939123383,0.938448999180809
747,2,3,0.00948124068806718,0.048083434918055,0.942435324393878
754,2,4,0.0186271545207136,0.1371635923798,0.844209253099486
757,2,3,0.0102985178484448,0.055110987405191,0.934590494746364
760,2,2,0.0188967380378852,0.222285313235123,0.758817948726992
767,2,1,0.0171550592905225,0.34027148530892,0.642573455400558
771,2,2,0.0322875227631628,0.414254734623048,0.553457742613789
773,2,2,0.0183983607956971,0.165585247161274,0.816016392043029
775,2,0,0.0114885496468134,0.140881484720047,0.847629965633139
781,1,2,0.0202290715190933,0.167451758685828,0.812319169795079
788,1,0,0.0127554404705166,0.286127721463633,0.701116838065851
789,2,4,0.0153723108622863,0.0377665415011726,0.946861147636541
791,2,2,0.0177950446494965,0.104957348845592,0.877247606504911
793,2,4,0.0158141473070111,0.0449213459735389,0.93926450671945
794,2,0,0.0102516309412861,0.0465983224603914,0.943150046598322
810,2,1,0.0194580266419067,0.162241574253645,0.818300399104449
817,2,4,0.0164778578784758,0.0655681428081016,0.917953999313423
819,2,3,0.00990253585208645,0.0551330374467516,0.934964426701162
821,2,2,0.0152696444861594,0.0856243884819394,0.899105967031901
822,2,1,0.016399015338877,0.1153476634464,0.868253321214723
827,2,0,0.0145798290167642,0.285598968853387,0.699821202129849
828,2,1,0.0167613556896595,0.115305171507609,0.867933472802731
830,2,1,0.016399015338877,0.1153476634464,0.868253321214723
831,2,0,0.0145026440480618,0.188343548361014,0.797153807590925
832,1,2,0.0194008182270573,0.22217110545793,0.758428076315013
838,2,0,0.0145026440480618,0.188343548361014,0.797153807590925
7,0,4,0.827826751771284,0.156352400470533,0.0158208477581829
9,0,4,0.858895705521472,0.128834355828221,0.0122699386503067
11,0,0,0.456514050584216,0.317537226269369,0.225948723146415
12,0,0,0.694697706811967,0.236762702663949,0.0685395905240841
13,0,3,0.861365993017306,0.108211412502753,0.0304225944799407
16,0,0,0.836760925449871,0.123393316195373,0.0398457583547558
24,0,0,0.846404616376673,0.113976444133355,0.0396189394899719
25,0,1,0.85981308411215,0.11214953271028,0.0280373831775701
27,0,2,0.538824083100817,0.392282608976729,0.0688933079224537
30,0,3,0.923630080631891,0.052624650320882,0.0237452690472273
36,1,1,0.635300629230633,0.265924714634568,0.0987746561347981
37,0,0,0.710630548600045,0.21925791031186,0.0701115410880947
42,1,3,0.741790041397298,0.199829154009068,0.0583808045936342
44,0,3,0.886456347288748,0.0875822481142263,0.0259614045970252
52,0,4,0.663815544812198,0.26031982149498,0.0758646336928226
57,1,1,0.646332531129015,0.145652401381187,0.208015067489798
59,0,4,0.704873558763686,0.169169654103285,0.12595678713303
70,0,2,0.770739056502401,0.0968339601530954,0.132426983344503
72,0,1,0.786393593500407,0.157524851280207,0.0560815552193859
90,0,4,0.649601004214113,0.27615888101856,0.0742401147673272
91,2,0,0.578675915565947,0.200281675037743,0.22104240939631
98,0,1,0.592998585572843,0.207802923149458,0.199198491277699
101,0,4,0.5468527485047,0.216177727143264,0.236969524352036
108,0,2,0.589830508474576,0.154479418886199,0.255690072639225
111,0,4,0.793889089622954,0.180411295616816,0.0256996147602302
118,0,3,0.886261089283483,0.0862152744033653,0.0275236363131516
122,0,4,0.935960591133005,0.0523399014778325,0.0116995073891626
123,1,3,0.849193732762935,0.107501611710596,0.0433046555264681
124,0,3,0.782561974968189,0.174490170094258,0.0429478549375524
126,0,1,0.751302184420817,0.156139170721572,0.0925586448576112
127,0,2,0.816675790647334,0.128145889939681,0.0551783194129848
129,0,3,0.802090854450627,0.153889524400411,0.0440196211489618
136,0,1,0.744482971662101,0.152916103334352,0.102600925003547
137,0,3,0.802090854450627,0.153889524400411,0.0440196211489618
138,0,4,0.802190597400594,0.175633460603957,0.0221759419954491
139,0,2,0.916602016174517,0.058742549846105,0.0246554339793778
140,0,2,0.608784473953013,0.152196118488253,0.239019407558733
143,0,1,0.856663104869485,0.111738665852542,0.0315982292779728
144,0,4,0.937115418250044,0.0523110680043884,0.0105735137455679
155,1,3,0.749267188012572,0.201843405750325,0.048889406237103
162,0,2,0.864470433535225,0.101360774625438,0.034168791839337
165,0,2,0.87414137537504,0.0983179385702962,0.0275406860546641
170,0,4,0.830370571713328,0.154708707076198,0.0149207212104739
174,0,1,0.665794351760986,0.140660778541053,0.193544869697961
176,0,1,0.859458716856711,0.112103310894354,0.0284379722489353
177,0,4,0.762499692360013,0.221456043279912,0.0160442643600753
181,0,4,0.636597606485652,0.249646120190452,0.113756273323897
184,0,0,0.885533534325112,0.0901497553501705,0.024316710324717
187,0,2,0.926811841819142,0.0501693019788139,0.023018856202044
192,0,0,0.937340804890474,0.0417727967396842,0.0208863983698421
199,0,0,0.875808183500491,0.0904708597016289,0.0337209567978799
200,0,0,0.775535326703165,0.17245456606952,0.0520101072273154
203,0,3,0.881344204097596,0.0916092541893559,0.0270465417130479
212,0,3,0.849193732762935,0.107501611710596,0.0433046555264681
218,0,3,0.847368825219599,0.107567905156859,0.045063269623542
221,0,4,0.725126176389714,0.165328768216855,0.109545055393431
225,0,2,0.685500747832636,0.234291389198506,0.0802078629688581
227,0,3,0.87541944976659,0.0983179667404122,0.0262625834929977
229,0,3,0.549490420836126,0.26997296110559,0.180536618058284
240,1,1,0.280774550484094,0.467496542185339,0.251728907330567
244,1,3,0.0545529122231337,0.692165709598031,0.253281378178835
245,1,1,0.0191995638232965,0.702218529721029,0.278581906455675
247,1,0,0.0382256984447954,0.714754654541045,0.24701964701416
254,2,3,0.0554032090018754,0.621297294079124,0.323299496919001
255,1,1,0.0222309110867309,0.917472255826521,0.0602968330867481
256,1,4,0.0201646764303558,0.710096246102711,0.269739077466934
257,1,4,0.0207435125681282,0.51720491336533,0.462051574066542
263,1,2,0.22043147242764,0.544686168368698,0.234882359203662
264,1,0,0.0504543672644704,0.536135160962275,0.413410471773254
275,1,1,0.15880509580792,0.640333214430282,0.200861689761798
276,1,0,0.0143481839597441,0.732499529393143,0.253152286647113
277,1,2,0.469664437453073,0.451793705607984,0.078541856938943
279,1,2,0.405568343746575,0.548869158537031,0.0455624977163945
285,1,2,0.233905468798583,0.481375115732796,0.28471941546862
290,1,3,0.0176133434729573,0.671562948180737,0.310823708346306
294,1,1,0.0384275887662191,0.528467482206995,0.433104929026786
296,1,4,0.0217807074552038,0.493064710797512,0.485154581747284
297,1,3,0.0184566444987671,0.786835897052701,0.194707458448532
298,1,3,0.130455637959145,0.580269849815843,0.289274512225012
300,1,0,0.217279943504743,0.725515213656642,0.0572048428386151
303,0,4,0.300184842883549,0.603327171903882,0.0964879852125693
306,1,3,0.0216017153748968,0.694319390013413,0.28407889461169
307,0,4,0.207920962990241,0.371616645185049,0.42046239182471
313,1,4,0.36732573085022,0.347198293543359,0.285475975606421
321,1,4,0.0305786772520061,0.65408755339856,0.315333769349434
323,1,4,0.027678983594124,0.656044033502498,0.316276982903378
328,1,4,0.0212068685336656,0.588429662531824,0.390363468934511
342,1,2,0.090249467925103,0.534906756312844,0.374843775762053
345,1,2,0.019742002734048,0.457314280399613,0.522943716866339
352,1,2,0.0201692104895096,0.705319000145347,0.274511789365143
356,1,0,0.0221092098773847,0.558013206111926,0.419877584010689
359,0,0,0.199669086251067,0.722939795046968,0.0773911187019641
364,1,4,0.283562972096197,0.334414690496427,0.382022337407376
365,1,2,0.0203239000468552,0.715465399344027,0.264210700609118
366,1,4,0.0321798496310068,0.802788671210028,0.165031479158965
367,1,4,0.164780623386937,0.637482628548739,0.197736748064324
378,2,1,0.104866242038217,0.40687898089172,0.488254777070064
379,1,3,0.542298394528564,0.422736543766361,0.0349650617050744
380,1,2,0.223493758265271,0.698983121151809,0.0775231205829194
381,1,3,0.0333837996312026,0.591988250557806,0.374627949810991
382,1,1,0.285209873637132,0.391981682198992,0.322808444163876
388,0,2,0.430463139557701,0.485189353366803,0.0843475070754955
390,0,2,0.302135548994026,0.440362562658793,0.257501888347181
395,1,3,0.396471863391797,0.263922271957285,0.339605864650918
406,1,1,0.185779731088681,0.619799620097583,0.194420648813736
413,1,3,0.015169887501911,0.452034063650484,0.532796048847605
417,1,4,0.02316506708454,0.482337580983152,0.494497351932308
418,1,0,0.0464463230981593,0.538398194280704,0.415155482621137
421,1,2,0.368884125520301,0.537648612945839,0.0934672615338601
422,1,4,0.0212183249551054,0.957679297220691,0.0211023778242032
426,1,1,0.2529677487131,0.528521903561298,0.218510347725601
427,1,4,0.0220442036711524,0.486931965536121,0.491023830792727
431,0,4,0.568827900938799,0.310213093871879,0.120959005189323
436,1,2,0.063077574246949,0.627707103722341,0.30921532203071
439,1,0,0.29191414077591,0.654125972595815,0.0539598866282743
443,0,0,0.456299100212336,0.458643397060146,0.085057502727518
447,1,3,0.025540743299036,0.474965266996122,0.499493989704842
448,1,2,0.0222806664977414,0.619699604190513,0.358019729311746
452,1,2,0.0368241864011153,0.69554450309643,0.267631310502455
457,1,1,0.0203883653882836,0.745698605350788,0.233913029260929
459,1,0,0.0171054748243874,0.873263981982948,0.109630543192664
461,1,1,0.104043243380904,0.761909915989928,0.134046840629168
464,1,1,0.0452684878127281,0.828069273722834,0.126662238464437
465,1,1,0.0202090592334495,0.739140534262485,0.240650406504065
466,1,4,0.190447400241838,0.424425634824667,0.385126964933495
469,1,4,0.298820566373856,0.327292831254991,0.373886602371153
477,0,3,0.0170505950309695,0.945438095900898,0.0375113090681328
479,1,0,0.354566462964554,0.324735149974748,0.320698387060697
491,1,4,0.207920962990241,0.371616645185049,0.42046239182471
502,1,3,0.0188270223143806,0.648931407431843,0.332241570253776
504,1,0,0.205567081604426,0.744294605809129,0.0501383125864454
505,1,4,0.181230301054233,0.552439952179111,0.266329746766656
506,1,1,0.0384747050155077,0.73193094706724,0.229594347917252
513,1,4,0.0203218376962563,0.184115849528082,0.795562312775662
517,2,2,0.02109122317744,0.112998944001192,0.865909832821368
520,2,0,0.022626605453618,0.343153041345438,0.634220353200944
521,2,2,0.0177950446494965,0.104957348845592,0.877247606504911
524,2,0,0.0127554404705166,0.286127721463633,0.701116838065851
525,2,4,0.0164366016792372,0.137469759499075,0.846093638821688
526,1,4,0.0313407858370331,0.393069806526093,0.575589407636874
528,2,3,0.0160885135496285,0.220642471537763,0.763269014912609
529,2,0,0.0102516309412861,0.0465983224603914,0.943150046598322
538,2,0,0.0116765949367518,0.0985390694662467,0.889784335597002
541,2,1,0.0138821372776761,0.0469194717292,0.939198390993124
542,1,3,0.0181451559813249,0.121014885834889,0.860839958183786
545,1,2,0.0188967380378852,0.222285313235123,0.758817948726992
553,1,1,0.0205025370407956,0.117270550030444,0.86222691292876
563,2,2,0.0188967380378852,0.222285313235123,0.758817948726992
564,2,0,0.0121629925764778,0.0984905740339179,0.889346433389604
565,2,0,0.0143264633636757,0.0985381138672326,0.887135422769092
568,2,3,0.0118071735296114,0.110899476024519,0.87729335044587
570,2,2,0.0203412849811732,0.149866435346002,0.829792279672825
571,2,3,0.0107423529979946,0.103890373975769,0.885367273026237
581,1,2,0.0155603602257406,0.103584462192582,0.880855177581678
592,1,1,0.255178112031247,0.238484216851633,0.50633767111712
593,2,3,0.0165448249326664,0.198537899191997,0.784917275875337
594,1,4,0.0215820437396086,0.183879012661466,0.794538943598926
599,2,3,0.155979163542424,0.104026665233052,0.739994171224524
603,2,3,0.0107064813203448,0.0973944429786205,0.891899075701035
610,2,3,0.00990253585208645,0.0551330374467516,0.934964426701162
611,2,4,0.0164366016792372,0.137469759499075,0.846093638821688
617,2,4,0.0153723108622863,0.0377665415011726,0.946861147636541
620,2,4,0.0216255117329904,0.348462146506058,0.629912341760951
622,2,0,0.0137806375524342,0.185313310244575,0.80090605220299
625,1,0,0.0219636438819255,0.288568490387145,0.68946786573093
632,1,2,0.0234916224391239,0.127214026590246,0.849294350970631
634,2,3,0.0160885135496285,0.220642471537763,0.763269014912609
635,2,0,0.0107251213852946,0.0654423639951148,0.923832514619591
636,1,0,0.0167860381135043,0.296998424349162,0.686215537537334
638,2,1,0.0198313416035151,0.237350258087041,0.742818400309444
660,2,4,0.0215820437396086,0.183879012661466,0.794538943598926
665,1,0,0.0125185750552191,0.299384155384179,0.688097269560602
676,2,2,0.0202290715190933,0.167451758685828,0.812319169795079
683,2,2,0.0158097191184369,0.0859527650648804,0.898237515816683
685,1,3,0.020313939085972,0.16726347381459,0.812422587099438
687,2,3,0.1325010191649,0.222487185505796,0.645011795329304
689,2,3,0.0141187564078744,0.110640059721223,0.875241183870903
693,2,2,0.014893663718368,0.0514276935232535,0.933678642758379
696,2,3,0.011055283188829,0.109191965810477,0.879752751000694
697,2,4,0.0140690663255984,0.0227023570253974,0.963228576649004
698,1,0,0.0129439566808728,0.120427324590216,0.866628718728911
699,2,4,0.0207138671963305,0.158844888481357,0.820441244322312
700,1,4,0.0149154316435521,0.0264290981754169,0.958655470181031
701,2,2,0.0177950446494965,0.104957348845592,0.877247606504911
706,2,2,0.0211913159067899,0.167287302372294,0.811521381720916
707,2,4,0.017125411541146,0.149234019509497,0.833640568949357
709,1,3,0.013511596965275,0.112640555824006,0.873847847210719
714,2,4,0.0215820437396086,0.183879012661466,0.794538943598926
718,2,4,0.0211950911801812,0.136804679435715,0.842000229384104
721,2,1,0.019325311083407,0.178554986911479,0.802119702005114
724,1,0,0.309219072768703,0.271226867133761,0.419554060097536
726,1,0,0.0138980584702361,0.22217984629289,0.763922095236874
728,2,2,0.0172682575848423,0.37165127713155,0.611080465283607
734,2,4,0.0154475885388859,0.0330545174111645,0.95149789404995
736,2,4,0.0193757333776893,0.269740601924694,0.710883664697617
739,2,3,0.0125404506524176,0.110817184343663,0.876642365003919
740,1,3,0.0118921750673159,0.104498713680997,0.883609111251687
741,1,1,0.0196993789980569,0.11496062719639,0.865339993805553
750,2,1,0.0200906682948608,0.114914740391861,0.864994591313278
755,1,3,0.0145171516648812,0.408294890574783,0.577187957760336
759,2,3,0.0151620631746691,0.14566146096421,0.839176475861121
763,1,3,0.0175689501935743,0.148927366204295,0.833503683602131
766,2,3,0.0179144889612446,0.239593923912886,0.74249158712587
768,2,3,0.0100966458214895,0.0551222285389426,0.934781125639568
770,2,4,0.0210592999495231,0.161493849519807,0.81744685053067
774,2,3,0.017179384738314,0.167798641630044,0.815021973631642
779,2,4,0.0193757333776893,0.269740601924694,0.710883664697617
780,2,0,0.0143017652217363,0.185734766761233,0.799963468017031
783,2,4,0.0156913280776228,0.0445724681625227,0.939736203759854
784,2,0,0.0126916741291057,0.0984378627574541,0.88887046311344
785,2,3,0.0162198451726322,0.214280523381563,0.769499631445805
786,2,1,0.0175930802988102,0.162550150366472,0.819856769334718
795,2,3,0.0162198451726322,0.214280523381563,0.769499631445805
806,2,0,0.00972416608350828,0.044181537205505,0.946094296710987
808,2,2,0.0187834271841084,0.393555104523252,0.587661468292639
809,2,1,0.0202196704942586,0.222416375436845,0.757363954068897
811,2,2,0.0202290715190933,0.167451758685828,0.812319169795079
816,0,3,0.201822399632176,0.202762858157955,0.595414742209869
820,2,2,0.0178356804024839,0.408974512152985,0.573189807444531
825,2,3,0.0137817503352439,0.114892711940655,0.871325537724101
826,2,0,0.0473266665862475,0.337365204589176,0.615308128824577
829,1,1,0.0281554438694964,0.406803752895761,0.565040803234742
835,2,2,0.0179692758611876,0.106554653352305,0.875476070786507
840,1,2,0.0186863601341704,0.428480710986672,0.552832928879158
842,2,1,0.0199903912434984,0.442086353476908,0.537923255279594
