id,y,fold,raw_intact,raw_moderate,raw_severe,va_intact,va_moderate,va_severe
6,0,2,0.8737881216,0.0772719088,0.0489399696,0.8984535557,0.0782633491,0.0232830952
14,0,1,0.6787029303,0.1973296345,0.1239674352,0.7965348305,0.1595562728,0.0439088968
17,0,0,0.6868328503,0.2064203188,0.1067468308,0.7768489915,0.1714452870,0.0517057215
18,0,1,0.7645275961,0.1286717019,0.1068007020,0.8445735279,0.1109267768,0.0444996953
20,0,4,0.6392817402,0.2309412028,0.1297770570,0.7915247807,0.1784355623,0.0300396570
21,0,2,0.6545965623,0.2243732495,0.1210301882,0.8030973451,0.1547092288,0.0421934260
22,0,2,0.6055342049,0.2951506122,0.0993151829,0.8031496063,0.1574803150,0.0393700787
29,0,4,0.6048152537,0.2616871634,0.1334975829,0.7894509615,0.1794027310,0.0311463075
31,0,3,0.4564006789,0.3092808631,0.2343184580,0.5964866282,0.1887781856,0.2147351862
32,0,1,0.7211544460,0.1605298358,0.1183157182,0.8407434342,0.1136602876,0.0455962782
35,0,3,0.8091691197,0.1145460465,0.0762848338,0.8709471358,0.0981175834,0.0309352808
39,0,1,0.6964450582,0.1996205032,0.1039344386,0.7965348305,0.1595562728,0.0439088968
40,0,2,0.5275842986,0.3039709835,0.1684447179,0.7063415388,0.2187656993,0.0748927619
43,0,0,0.6708786638,0.2055276827,0.1235936535,0.7768489915,0.1714452870,0.0517057215
53,0,3,0.6653924137,0.2259185812,0.1086890051,0.8172849105,0.1386771199,0.0440379696
55,0,3,0.5513658524,0.3368244171,0.1118097305,0.7551336747,0.2034237654,0.0414425599
56,0,1,0.8187741790,0.1248956271,0.0563301939,0.8611360431,0.1123220926,0.0265418643
60,1,2,0.6322097041,0.2496682052,0.1181220907,0.8002853067,0.1569186876,0.0427960057
61,1,1,0.6323381113,0.2624772211,0.1051846676,0.7956916246,0.1602175102,0.0440908652
63,0,3,0.7962790728,0.1191654727,0.0845554546,0.8695557590,0.0979608362,0.0324834048
66,0,3,0.4207996726,0.3796316981,0.1995686293,0.5494904208,0.2699729611,0.1805366181
68,0,3,0.5441928587,0.2705870609,0.1852200804,0.7420023531,0.1423609166,0.1156367303
69,0,0,0.5734807338,0.2907538755,0.1357653906,0.7645875252,0.1700201207,0.0653923541
78,0,0,0.5766760793,0.2819557232,0.1413681975,0.7618758245,0.1694171241,0.0687070514
79,1,0,0.5353469173,0.3201564205,0.1444966623,0.7106305486,0.2192579103,0.0701115411
80,0,4,0.7425269429,0.1706449526,0.0868281045,0.8282427360,0.1564309678,0.0153262962
83,0,0,0.6289672805,0.2679182867,0.1031144328,0.7766270147,0.1726973230,0.0506756623
85,1,2,0.6790911606,0.1979552820,0.1229535574,0.8183413865,0.1390507562,0.0426078573
88,0,4,0.4938524067,0.3337318897,0.1724157035,0.6446712281,0.2528122463,0.1025165256
89,0,1,0.4155623019,0.3802458346,0.2041918635,0.5400179408,0.2785806837,0.1814013755
92,0,2,0.8660005557,0.0885869437,0.0454125006,0.8892906647,0.0881697101,0.0225396251
94,0,3,0.8630371818,0.0745141517,0.0624486664,0.8862610893,0.0862152744,0.0275236363
97,0,1,0.7327578609,0.1833897070,0.0838524320,0.8218669328,0.1467130775,0.0314199897
100,0,0,0.4990271554,0.3514846809,0.1494881637,0.6781290681,0.2482254506,0.0736454813
103,0,0,0.5334732016,0.2713222842,0.1952045142,0.6681538892,0.1566485195,0.1751975913
104,0,1,0.8778133727,0.0779345906,0.0442520367,0.8833934587,0.0934643459,0.0231421954
119,0,1,0.5561289108,0.2871182816,0.1567528075,0.7422432272,0.1542564954,0.1035002774
120,0,0,0.4792082083,0.3553636425,0.1654281492,0.6458325524,0.2697688754,0.0843985722
128,0,2,0.6261070464,0.2804195923,0.0934733613,0.8055893074,0.1579586877,0.0364520049
135,0,4,0.8606144030,0.0807735085,0.0586120885,0.8805937085,0.1076650421,0.0117412494
149,0,3,0.4632228911,0.3973304033,0.1394467056,0.6408191562,0.3148441512,0.0443366927
150,1,1,0.4072213708,0.4027591586,0.1900194706,0.5343887880,0.3460218589,0.1195893532
152,0,0,0.7585328334,0.1505686216,0.0908985450,0.8345440561,0.1230664046,0.0423895394
154,0,2,0.4766427946,0.3852208910,0.1381363144,0.5755265263,0.3760715661,0.0484019076
156,0,0,0.7041306987,0.1968764335,0.0989928678,0.7808866221,0.1723363647,0.0467770133
160,0,1,0.8585457270,0.0768378681,0.0646164050,0.8807073471,0.0909284872,0.0283641658
169,1,3,0.4643291831,0.3783630729,0.1573077440,0.6272751367,0.3081897694,0.0645350938
171,0,2,0.9656679088,0.0179945921,0.0163374991,0.9340212041,0.0446327149,0.0213460810
172,1,0,0.8356356212,0.0948800168,0.0694843621,0.8769606845,0.0896312895,0.0334080261
175,0,3,0.9391240951,0.0359001118,0.0249757931,0.9236300806,0.0526246503,0.0237452690
183,0,1,0.8138978481,0.1023486331,0.0837535188,0.8566631049,0.1117386659,0.0315982293
185,0,2,0.8989272151,0.0542167762,0.0468560086,0.9265579334,0.0501555577,0.0232865089
186,0,4,0.7823794964,0.1449537852,0.0726667185,0.8445087110,0.1424073513,0.0130839378
190,1,0,0.5997887343,0.2428428269,0.1573684388,0.7506895004,0.1669296389,0.0823808608
191,0,0,0.4689624379,0.3881540058,0.1428835562,0.6112170978,0.3164642738,0.0723186285
196,0,1,0.4613020718,0.3551868498,0.1835110784,0.6584334256,0.2221360549,0.1194305195
201,0,2,0.6553264661,0.1792266613,0.1654468725,0.8017203983,0.1231446960,0.0751349057
202,0,0,0.5730974845,0.2847699608,0.1421325547,0.7609097834,0.1692023071,0.0698879095
208,1,4,0.4933512248,0.4013285369,0.1053202384,0.6736614119,0.3087265250,0.0176120631
210,0,4,0.5212051713,0.2855105911,0.1932842376,0.6561021081,0.1574645060,0.1864333859
211,1,3,0.4297858179,0.3881401718,0.1820740104,0.6045177799,0.2970087356,0.0984734845
213,0,1,0.7611673957,0.1539084143,0.0849241900,0.8553580940,0.1123432279,0.0322986780
214,0,3,0.8942792616,0.0576273402,0.0480933982,0.9208144796,0.0527903469,0.0263951735
230,0,4,0.4994133934,0.2602817973,0.2403048092,0.6185012549,0.1484403012,0.2330584439
231,0,2,0.8997244239,0.0581171587,0.0421584174,0.9268118418,0.0501693020,0.0230188562
237,2,3,0.2440452165,0.4864197148,0.2695350687,0.1684082109,0.5688749801,0.2627168090
241,1,3,0.3287399015,0.5063278524,0.1649322461,0.3460876260,0.5790201862,0.0748921878
246,2,0,0.1739246547,0.4146348834,0.4114404619,0.0220827850,0.4929124507,0.4850047643
250,1,1,0.2200415647,0.6327037404,0.1472546949,0.0987957860,0.7957313414,0.1054728726
259,2,4,0.2095457911,0.5470963717,0.2433578372,0.0526353052,0.6392055145,0.3081591803
260,2,0,0.1186372572,0.6877876571,0.1935750857,0.0150203455,0.7668145339,0.2181651206
262,2,3,0.2808602410,0.5579374349,0.1612023240,0.1848728464,0.7327070611,0.0824200925
265,2,0,0.2399415076,0.4489730000,0.3110854924,0.1938539255,0.4830561987,0.3230898758
271,2,2,0.3585743660,0.4134894373,0.2279361967,0.3066821781,0.4424662081,0.2508516138
273,2,4,0.1816466654,0.7144246910,0.1039286436,0.0299869637,0.9460210578,0.0239919785
278,2,1,0.0886052604,0.6804676500,0.2309270897,0.0188881203,0.7468406198,0.2342712599
280,2,1,0.2352267206,0.5357936025,0.2289796770,0.1588050958,0.6403332144,0.2008616898
281,2,2,0.2144641695,0.4868848549,0.2986509755,0.0656421722,0.5569675176,0.3773903102
282,1,0,0.1254642438,0.5568579352,0.3176778210,0.0141809420,0.6525669200,0.3332521380
284,1,2,0.2367159654,0.4707458773,0.2925381573,0.1645865612,0.4932552480,0.3421581909
286,0,0,0.1132812334,0.7433895954,0.1433291712,0.0173862123,0.8875961156,0.0950176720
287,2,1,0.3040808990,0.4624816408,0.2334374602,0.2570851774,0.5208478919,0.2220669307
289,0,2,0.3478831247,0.3937860014,0.2583308739,0.3109224927,0.4210408756,0.2680366317
291,1,1,0.2557922900,0.4294096529,0.3147980571,0.2473326867,0.4616876819,0.2909796314
292,1,3,0.1449037747,0.5312706670,0.3238255583,0.0186859415,0.6515621493,0.3297519092
293,2,1,0.1320102215,0.5231761932,0.3448135853,0.0191995638,0.7022185297,0.2785819065
299,1,0,0.2027998536,0.6012551695,0.1959449769,0.0429013510,0.7404921126,0.2166065363
302,0,2,0.2383110339,0.5432103195,0.2184786466,0.1592289081,0.5729658601,0.2678052318
308,2,3,0.3868152442,0.4100463925,0.2031383633,0.3742946058,0.4131578562,0.2125475380
310,2,4,0.1085473514,0.6577265810,0.2337260676,0.0201646764,0.7100962461,0.2697390775
311,1,1,0.2229359978,0.5845762913,0.1924877109,0.1236841804,0.7248421016,0.1514737179
314,1,3,0.2524158917,0.6011764318,0.1464076765,0.1768248175,0.7538321168,0.0693430657
315,2,1,0.1900160490,0.5257364590,0.2842474920,0.0303001226,0.7315279777,0.2381718997
317,2,2,0.3473785766,0.4758875001,0.1767339233,0.3688841255,0.5376486129,0.0934672615
325,2,3,0.1282527615,0.4732491147,0.3984981239,0.0155383271,0.5248773494,0.4595843235
326,1,2,0.2276000679,0.4581527710,0.3142471611,0.1246266352,0.5168488871,0.3585244777
331,2,2,0.3965904117,0.3975953162,0.2058142722,0.4109140424,0.3672544254,0.2218315321
332,2,0,0.2628656406,0.4252174921,0.3119168673,0.2084468665,0.4711625795,0.3203905540
337,2,1,0.1610494602,0.5555356907,0.2834148491,0.0202090592,0.7391405343,0.2406504065
339,1,0,0.2201165259,0.4644976854,0.3153857887,0.0788194527,0.5557960844,0.3653844629
343,2,2,0.2089392723,0.4344327217,0.3566280061,0.0530702177,0.5571294548,0.3898003275
348,2,3,0.2965456843,0.4105781615,0.2928761542,0.3103924180,0.4237347793,0.2658728027
350,1,3,0.2176518207,0.5529972480,0.2293509313,0.0747960044,0.6550709973,0.2701329982
354,2,1,0.2428641206,0.5481347523,0.2090011270,0.1800777280,0.6241400909,0.1957821810
355,1,2,0.1547071212,0.5257613141,0.3195315647,0.0222806665,0.6196996042,0.3580197293
360,2,1,0.1931243539,0.4346374869,0.3722381592,0.0382853716,0.5632583951,0.3984562333
369,2,0,0.1184687549,0.6257848786,0.2557463665,0.0143481840,0.7324995294,0.2531522866
373,1,4,0.3609972298,0.4084234834,0.2305792868,0.3673257309,0.3471982935,0.2854759756
376,1,1,0.2487729713,0.5148067628,0.2364202659,0.1857797311,0.6197996201,0.1944206488
384,1,0,0.1638971692,0.5483316697,0.2877711611,0.0183540605,0.6414403189,0.3402056207
385,0,1,0.3522979372,0.5494149409,0.0982871219,0.2560624002,0.7051176440,0.0388199557
391,1,4,0.2954069376,0.5376454592,0.1669476032,0.2927650028,0.5945437064,0.1126912908
393,2,1,0.2700833896,0.4307090214,0.2992075891,0.2473326867,0.4616876819,0.2909796314
396,1,0,0.2615812499,0.5355657499,0.2028530002,0.2048812687,0.5668381768,0.2282805545
397,1,1,0.2861164510,0.4352868795,0.2785966694,0.2645819549,0.4896533412,0.2457647038
399,2,2,0.3225446891,0.4582245580,0.2192307529,0.3053012801,0.4449766158,0.2497221041
400,1,1,0.2895810220,0.5335267027,0.1768922753,0.2309551233,0.6539857120,0.1150591647
405,2,3,0.2123429658,0.4429344899,0.3447225443,0.0681355547,0.5707051077,0.3611593376
408,0,1,0.2440656126,0.5795476437,0.1763867438,0.1979200489,0.6859806524,0.1160992987
409,0,1,0.2954428748,0.5235347670,0.1810223582,0.2329091332,0.6523240475,0.1147668193
411,0,0,0.4075505435,0.4233913720,0.1690580845,0.5007421384,0.4206289308,0.0786289308
414,0,4,0.2960430936,0.4592647484,0.2446921580,0.2791432942,0.4503824579,0.2704742478
419,1,0,0.1289579739,0.5587427699,0.3122992562,0.0141463415,0.6534146341,0.3324390244
423,0,1,0.3015723825,0.5080019236,0.1904256940,0.2309923713,0.6360824412,0.1329251875
424,0,3,0.2566384299,0.5477009252,0.1956606449,0.1692240714,0.5900692752,0.2407066533
437,0,0,0.3127978994,0.4691464831,0.2180556175,0.2832890925,0.4808184501,0.2358924575
438,2,0,0.1870032130,0.4339012866,0.3790955004,0.0297187489,0.5497344199,0.4205468312
445,2,1,0.1119174593,0.4800791478,0.4080033929,0.0194831999,0.5406587963,0.4398580038
446,1,4,0.1539876461,0.4951009452,0.3509114087,0.0220437187,0.5721885699,0.4057677114
449,1,2,0.1408388019,0.4672465324,0.3919146657,0.0197420027,0.4573142804,0.5229437169
450,2,2,0.1214914489,0.5715192642,0.3069892869,0.0191307806,0.6734638323,0.3074053870
453,2,1,0.3327685048,0.4526527591,0.2145787360,0.2639763592,0.5080041943,0.2280194465
458,2,1,0.3242195893,0.4790708196,0.1967095911,0.2659323995,0.5556087633,0.1784588371
463,2,4,0.2228934500,0.6226781103,0.1544284397,0.1001697599,0.8091919999,0.0906382402
467,2,3,0.2265927792,0.4452284276,0.3281787932,0.1403964580,0.5398771545,0.3197263875
473,0,1,0.3002566904,0.4986918122,0.2010514974,0.2216453496,0.6103435982,0.1680110522
474,1,2,0.2278242890,0.4475025303,0.3246731806,0.1246266352,0.5168488871,0.3585244777
486,0,2,0.4032643735,0.4460949302,0.1506406963,0.5341831931,0.3986288660,0.0671879409
487,2,4,0.1562288278,0.4223788444,0.4213923279,0.0221684692,0.4497032319,0.5281282989
492,2,3,0.1939611853,0.4177078840,0.3883309306,0.0340258784,0.4904176309,0.4755564906
494,1,0,0.2129640100,0.6501445673,0.1368914226,0.0624899947,0.8539580995,0.0835519058
500,1,4,0.1437619499,0.6197357270,0.2365023231,0.0201646764,0.7100962461,0.2697390775
515,2,1,0.1063063807,0.2598581295,0.6338354898,0.0213698874,0.1781827235,0.8004473891
527,2,0,0.0889114575,0.2066806226,0.7044079199,0.0133064688,0.1850649675,0.8016285637
535,2,3,0.0929326930,0.1754127281,0.7316545790,0.0139240408,0.1106619116,0.8754140476
543,2,3,0.1392351687,0.3229369819,0.5378278494,0.0160885135,0.2206424715,0.7632690149
549,2,4,0.0938359729,0.2155658917,0.6905981354,0.0209959793,0.1736754796,0.8053285410
550,2,2,0.0518361291,0.0739735437,0.8741903272,0.0158520737,0.0696997053,0.9144482210
552,2,1,0.0096048278,0.0096048278,0.9807903445,0.0136570561,0.0394537178,0.9468892261
554,2,4,0.1297201514,0.3502079248,0.5200719237,0.0193757334,0.2697406019,0.7108836647
557,2,1,0.0771942116,0.1632545840,0.7595512045,0.0176382281,0.1152023400,0.8671594319
559,2,3,0.0655639251,0.1276697973,0.8067662776,0.0112352721,0.1045681854,0.8841965425
566,2,1,0.0559035531,0.1024570599,0.8416393870,0.0157193845,0.1154273643,0.8688532512
567,2,1,0.0465980364,0.0687187620,0.8846832017,0.0157304449,0.0581111157,0.9261584394
574,2,3,0.1249006819,0.4095966755,0.4655026426,0.0144336634,0.4059467830,0.5796195536
580,2,2,0.0916315751,0.1409812847,0.7673871403,0.0198849261,0.1119607797,0.8681542942
582,2,4,0.0858397646,0.1613659585,0.7527942770,0.0184949768,0.1588088231,0.8226962001
583,2,4,0.0680037976,0.1253248034,0.8066713990,0.0171708913,0.1373671300,0.8454619787
584,2,0,0.0256559000,0.0321481200,0.9421959800,0.0098321511,0.0452278952,0.9449399536
585,2,4,0.1048735051,0.1612095785,0.7339169164,0.0206634115,0.1584579675,0.8208786210
586,2,0,0.1962222217,0.2688278636,0.5349499147,0.0347711186,0.1844699343,0.7807589471
588,2,2,0.0889176198,0.1517565835,0.7593257967,0.0190331804,0.1230193370,0.8579474825
597,2,3,0.1052765913,0.2828835824,0.6118398263,0.0155262683,0.1680808810,0.8163928507
598,2,0,0.1037034855,0.3979898154,0.4983066991,0.0125185751,0.2993841554,0.6880972696
600,2,0,0.1464970112,0.3251340389,0.5283689499,0.0136879403,0.2339393428,0.7523727169
604,2,0,0.1362885982,0.2408643812,0.6228470206,0.0145026440,0.1883435484,0.7971538076
605,2,4,0.1011849709,0.1724215137,0.7263935154,0.0207138672,0.1588448885,0.8204412443
606,2,3,0.1665590679,0.2108457504,0.6225951817,0.0202846549,0.1207511898,0.8589641553
609,2,1,0.0709569763,0.2002363980,0.7288066257,0.0159210349,0.1596588291,0.8244201359
614,2,0,0.0922336131,0.1215994209,0.7861669660,0.0139952211,0.0983078949,0.8876968840
619,2,1,0.1007866807,0.1593358999,0.7398774193,0.0200906683,0.1149147404,0.8649945913
624,2,0,0.1191105050,0.1731826702,0.7077068249,0.0148047571,0.1523701273,0.8328251156
626,2,1,0.3099955916,0.3010765314,0.3889278769,0.2923957745,0.2421578905,0.4654463350
628,2,4,0.0426271888,0.0744064218,0.8829663893,0.0159151194,0.0742705570,0.9098143236
629,2,2,0.0270675493,0.0360274908,0.9369049599,0.0140378662,0.0513521945,0.9346099393
631,2,0,0.0463814703,0.0829446251,0.8706739046,0.0106723901,0.0876992055,0.9016284044
639,2,2,0.1176035834,0.3373450289,0.5450513878,0.0188967380,0.2222853132,0.7588179487
642,1,2,0.0583158977,0.0895140744,0.8521700279,0.0157607931,0.0934573825,0.8907818245
645,2,2,0.0269510050,0.0451386895,0.9279103054,0.0140702559,0.0514706797,0.9344590644
647,2,1,0.0453159369,0.0693438958,0.8853401674,0.0155732320,0.0581203975,0.9263063705
649,2,0,0.0669365808,0.1212544340,0.8118089852,0.0116765949,0.0985390695,0.8897843356
650,2,4,0.1412800124,0.2807287914,0.5779911962,0.0216406275,0.1843781459,0.7939812266
651,2,0,0.1125772960,0.1568694997,0.7305532043,0.0140920941,0.1281925980,0.8577153079
652,2,4,0.1413304168,0.2992538423,0.5594157410,0.0200430902,0.2445883354,0.7353685744
653,2,1,0.1168865627,0.4167546003,0.4663588370,0.0185148487,0.4106106503,0.5708745010
655,2,4,0.1189280385,0.3837349145,0.4973370470,0.0194234525,0.3129793202,0.6675972273
661,2,2,0.0916101011,0.2580846471,0.6503052518,0.0195851468,0.1675618113,0.8128530419
664,2,3,0.0725130157,0.1242148382,0.8032721461,0.0118230482,0.1045060243,0.8836709275
667,2,4,0.1652615368,0.2797105014,0.5550279617,0.0216406275,0.1843781459,0.7939812266
669,2,4,0.0776558197,0.2512250468,0.6711191335,0.0184008288,0.1821682052,0.7994309660
671,2,1,0.0940626427,0.1289380510,0.7769993063,0.0200906683,0.1149147404,0.8649945913
672,2,0,0.1865087748,0.2532246709,0.5602665544,0.0267577277,0.1860014153,0.7872408570
673,1,4,0.1264492143,0.3048798487,0.5686709370,0.0194891944,0.2654643265,0.7150464791
675,2,2,0.3171594535,0.2679261645,0.4149143819,0.3137254902,0.1633986928,0.5228758170
682,2,1,0.0908151350,0.2143165932,0.6948682718,0.0185956179,0.1623842694,0.8190201127
691,2,2,0.0875413295,0.1792132759,0.7332453946,0.0185395329,0.1330411661,0.8484193010
694,2,4,0.1887273015,0.3065699591,0.5047027393,0.0237393005,0.2685403142,0.7077203852
695,2,4,0.3112071157,0.3072424531,0.3815504313,0.2765833818,0.2789076119,0.4445090064
702,2,2,0.0277358324,0.0491935225,0.9230706451,0.0140702559,0.0514706797,0.9344590644
703,2,1,0.1452360749,0.3953399956,0.4594239295,0.0219644385,0.3869924884,0.5910430731
705,2,3,0.1030132077,0.2565512898,0.6404355025,0.0151889792,0.1681384670,0.8166725539
708,2,2,0.0256240498,0.0265025962,0.9478733540,0.0139502244,0.0487690770,0.9372806986
713,2,0,0.1367358437,0.3531117492,0.5101524071,0.0131775516,0.2625038088,0.7243186397
715,1,3,0.1056656739,0.2592101337,0.6351241923,0.0155262683,0.1680808810,0.8163928507
722,2,0,0.0368333115,0.0569378684,0.9062288201,0.0105303538,0.0469079398,0.9425617064
723,2,1,0.1288890502,0.4139513250,0.4571596248,0.0199903912,0.4420863535,0.5379232553
725,2,4,0.1971524536,0.3140991973,0.4887483491,0.0304728295,0.2916975686,0.6778296019
727,2,2,0.1191147566,0.1860823631,0.6948028803,0.0205773357,0.1400010508,0.8394216136
729,1,0,0.0643739085,0.1152324344,0.8203936571,0.0114157294,0.0985650786,0.8900191919
733,2,0,0.0675680468,0.1279331259,0.8044988273,0.0116765949,0.0985390695,0.8897843356
738,2,2,0.1119322711,0.1670306933,0.7210370356,0.0206602035,0.1286675158,0.8506722807
745,2,1,0.0299024074,0.0390378305,0.9310597621,0.0144103069,0.0471406939,0.9384489992
747,2,3,0.0144053427,0.0183027702,0.9672918871,0.0094812407,0.0480834349,0.9424353244
754,2,4,0.0814606044,0.1207351414,0.7978042542,0.0186271545,0.1371635924,0.8442092531
757,2,3,0.0383681838,0.0516900305,0.9099417857,0.0102985178,0.0551109874,0.9345904947
760,2,2,0.1498504624,0.3393068415,0.5108426962,0.0188967380,0.2222853132,0.7588179487
767,2,1,0.1033306055,0.3992598385,0.4974095560,0.0171550593,0.3402714853,0.6425734554
771,2,2,0.1977481722,0.3668240661,0.4354277616,0.0322875228,0.4142547346,0.5534577426
773,2,2,0.0871186081,0.2242173337,0.6886640582,0.0183983608,0.1655852472,0.8160163920
775,2,0,0.0731253326,0.1708149612,0.7560597062,0.0114885496,0.1408814847,0.8476299656
781,1,2,0.1467225552,0.2968518734,0.5564255714,0.0202290715,0.1674517587,0.8123191698
788,1,0,0.1427438685,0.3803666475,0.4768894840,0.0127554405,0.2861277215,0.7011168381
789,2,4,0.0362586046,0.0469450619,0.9167963335,0.0153723109,0.0377665415,0.9468611476
791,2,2,0.0762606200,0.1177452150,0.8059941650,0.0177950446,0.1049573488,0.8772476065
793,2,4,0.0401384504,0.0539685016,0.9058930480,0.0158141473,0.0449213460,0.9392645067
794,2,0,0.0327501374,0.0463554118,0.9208944508,0.0102516309,0.0465983225,0.9431500466
810,2,1,0.1094699965,0.2004804641,0.6900495394,0.0194580266,0.1622415743,0.8183003991
817,2,4,0.0484701590,0.0701290606,0.8814007804,0.0164778579,0.0655681428,0.9179539993
819,2,3,0.0284491542,0.0416714559,0.9298793899,0.0099025359,0.0551330374,0.9349644267
821,2,2,0.0463485051,0.0793311006,0.8743203944,0.0152696445,0.0856243885,0.8991059670
822,2,1,0.0661107451,0.1325555295,0.8013337255,0.0163990153,0.1153476634,0.8682533212
827,2,0,0.1563864350,0.3685443997,0.4750691652,0.0145798290,0.2855989689,0.6998212021
828,2,1,0.0685685670,0.1017409519,0.8296904811,0.0167613557,0.1153051715,0.8679334728
830,2,1,0.0666772634,0.1333709031,0.7999518335,0.0163990153,0.1153476634,0.8682533212
831,2,0,0.1170358193,0.2584379277,0.6245262530,0.0145026440,0.1883435484,0.7971538076
832,1,2,0.1746871892,0.3132446660,0.5120681448,0.0194008182,0.2221711055,0.7584280763
838,2,0,0.1336335967,0.2741917629,0.5921746404,0.0145026440,0.1883435484,0.7971538076
7,0,4,0.7447731121,0.1623794783,0.0928474096,0.8278267518,0.1563524005,0.0158208478
9,0,4,0.8221729643,0.1102836090,0.0675434267,0.8588957055,0.1288343558,0.0122699387
11,0,0,0.4028545678,0.3967308461,0.2004145861,0.4565140506,0.3175372263,0.2259487231
12,0,0,0.5091350523,0.3478604451,0.1430045026,0.6946977068,0.2367627027,0.0685395905
13,0,3,0.7338655536,0.1969324038,0.0692020426,0.8613659930,0.1082114125,0.0304225945
16,0,0,0.7506092079,0.1639130091,0.0854777830,0.8367609254,0.1233933162,0.0398457584
24,0,0,0.7674079423,0.1462117263,0.0863803314,0.8464046164,0.1139764441,0.0396189395
25,0,1,0.7905688646,0.1444707470,0.0649603884,0.8598130841,0.1121495327,0.0280373832
27,0,2,0.4199469623,0.4126253067,0.1674277310,0.5388240831,0.3922826090,0.0688933079
30,0,3,0.9185476269,0.0454025490,0.0360498241,0.9236300806,0.0526246503,0.0237452690
36,1,1,0.4694635570,0.3599553406,0.1705811024,0.6353006292,0.2659247146,0.0987746561
37,0,0,0.5236352242,0.3306200901,0.1457446857,0.7106305486,0.2192579103,0.0701115411
42,1,3,0.5343346596,0.3179718852,0.1476934552,0.7417900414,0.1998291540,0.0583808046
44,0,3,0.8720264565,0.0778449860,0.0501285575,0.8864563473,0.0875822481,0.0259614046
52,0,4,0.5203109306,0.3250223052,0.1546667642,0.6638155448,0.2603198215,0.0758646337
57,1,1,0.4755448103,0.2658725977,0.2585825920,0.6463325311,0.1456524014,0.2080150675
59,0,4,0.5424152370,0.2807096415,0.1768751214,0.7048735588,0.1691696541,0.1259567871
70,0,2,0.6746597190,0.1385300586,0.1868102225,0.7707390565,0.0968339602,0.1324269833
72,0,1,0.6528329350,0.2060147704,0.1411522946,0.7863935935,0.1575248513,0.0560815552
90,0,4,0.4884730948,0.3560617321,0.1554651731,0.6496010042,0.2761588810,0.0742401148
91,2,0,0.4444230629,0.3039496334,0.2516273037,0.5786759156,0.2002816750,0.2210424094
98,0,1,0.4392922223,0.3379216492,0.2227861285,0.5929985856,0.2078029231,0.1991984913
101,0,4,0.4491770036,0.3018298790,0.2489931173,0.5468527485,0.2161777271,0.2369695244
108,0,2,0.4684581896,0.2813075567,0.2502342537,0.5898305085,0.1544794189,0.2556900726
111,0,4,0.6204951267,0.2571512999,0.1223535734,0.7938890896,0.1804112956,0.0256996148
118,0,3,0.8646723725,0.0757213988,0.0596062287,0.8862610893,0.0862152744,0.0275236363
122,0,4,0.8796451458,0.0684969035,0.0518579507,0.9359605911,0.0523399015,0.0116995074
123,1,3,0.7051811762,0.1917221085,0.1030967153,0.8491937328,0.1075016117,0.0433046555
124,0,3,0.5817608237,0.2894694507,0.1287697256,0.7825619750,0.1744901701,0.0429478549
126,0,1,0.5703184605,0.2804140747,0.1492674649,0.7513021844,0.1561391707,0.0925586449
127,0,2,0.6709170541,0.1874915119,0.1415914339,0.8166757906,0.1281458899,0.0551783194
129,0,3,0.5934505882,0.2815592801,0.1249901317,0.8020908545,0.1538895244,0.0440196211
136,0,1,0.5964394123,0.2490655445,0.1544950432,0.7444829717,0.1529161033,0.1026009250
137,0,3,0.6196228816,0.2727225105,0.1076546080,0.8020908545,0.1538895244,0.0440196211
138,0,4,0.6665924589,0.2222791397,0.1111284014,0.8021905974,0.1756334606,0.0221759420
139,0,2,0.8762511015,0.0694302544,0.0543186441,0.9166020162,0.0587425498,0.0246554340
140,0,2,0.4838794172,0.2961320579,0.2199885249,0.6087844740,0.1521961185,0.2390194076
143,0,1,0.7812951265,0.1380133341,0.0806915394,0.8566631049,0.1117386659,0.0315982293
144,0,4,0.8982444868,0.0655615543,0.0361939589,0.9371154183,0.0523110680,0.0105735137
155,1,3,0.5479409776,0.3098532604,0.1422057620,0.7492671880,0.2018434058,0.0488894062
162,0,2,0.7762887900,0.1356009215,0.0881102885,0.8644704335,0.1013607746,0.0341687918
165,0,2,0.8032323479,0.1276387683,0.0691288838,0.8741413754,0.0983179386,0.0275406861
170,0,4,0.7586274034,0.1551100887,0.0862625079,0.8303705717,0.1547087071,0.0149207212
174,0,1,0.5053998383,0.2866984691,0.2079016926,0.6657943518,0.1406607785,0.1935448697
176,0,1,0.8056235313,0.1263495237,0.0680269450,0.8594587169,0.1121033109,0.0284379722
177,0,4,0.6122177885,0.2940004788,0.0937817327,0.7624996924,0.2214560433,0.0160442644
181,0,4,0.4968514516,0.3184125173,0.1847360311,0.6365976065,0.2496461202,0.1137562733
184,0,0,0.8587679235,0.0936032307,0.0476288458,0.8855335343,0.0901497554,0.0243167103
187,0,2,0.9119192890,0.0488870587,0.0391936523,0.9268118418,0.0501693020,0.0230188562
192,0,0,0.9644908636,0.0184062342,0.0171029023,0.9373408049,0.0417727967,0.0208863984
199,0,0,0.8074092449,0.1218835813,0.0707071737,0.8758081835,0.0904708597,0.0337209568
200,0,0,0.6222820143,0.2686735630,0.1090444228,0.7755353267,0.1724545661,0.0520101072
203,0,3,0.8597438432,0.0834546397,0.0568015172,0.8813442041,0.0916092542,0.0270465417
212,0,3,0.7112334477,0.1889056890,0.0998608634,0.8491937328,0.1075016117,0.0433046555
218,0,3,0.6999855146,0.1909135310,0.1091009544,0.8473688252,0.1075679052,0.0450632696
221,0,4,0.5716559206,0.2569098732,0.1714342062,0.7251261764,0.1653287682,0.1095450554
225,0,2,0.4940296338,0.3492076345,0.1567627317,0.6855007478,0.2342913892,0.0802078630
227,0,3,0.8436707447,0.1020832457,0.0542460096,0.8754194498,0.0983179667,0.0262625835
229,0,3,0.4289360046,0.3745139241,0.1965500712,0.5494904208,0.2699729611,0.1805366181
240,1,1,0.3297235966,0.4038467705,0.2664296329,0.2807745505,0.4674965422,0.2517289073
244,1,3,0.2093688281,0.5723286356,0.2183025363,0.0545529122,0.6921657096,0.2532813782
245,1,1,0.1253674161,0.5592625058,0.3153700782,0.0191995638,0.7022185297,0.2785819065
247,1,0,0.2006734789,0.5859516350,0.2133748861,0.0382256984,0.7147546545,0.2470196470
254,2,3,0.2072160244,0.4871606529,0.3056233227,0.0554032090,0.6212972941,0.3232994969
255,1,1,0.0789173004,0.7865907374,0.1344919622,0.0222309111,0.9174722558,0.0602968331
256,1,4,0.1585805118,0.5645610690,0.2768584192,0.0201646764,0.7100962461,0.2697390775
257,1,4,0.1248253649,0.4906064831,0.3845681519,0.0207435126,0.5172049134,0.4620515741
263,1,2,0.2628288308,0.5394829592,0.1976882100,0.2204314724,0.5446861684,0.2348823592
264,1,0,0.2092564882,0.4230743114,0.3676692004,0.0504543673,0.5361351610,0.4134104718
275,1,1,0.2351879442,0.5328740994,0.2319379563,0.1588050958,0.6403332144,0.2008616898
276,1,0,0.1157190782,0.6408329511,0.2434479707,0.0143481840,0.7324995294,0.2531522866
277,1,2,0.3999780715,0.4410021305,0.1590197980,0.4696644375,0.4517937056,0.0785418569
279,1,2,0.3720946367,0.4964177980,0.1314875652,0.4055683437,0.5488691585,0.0455624977
285,1,2,0.2782725096,0.4645968974,0.2571305931,0.2339054688,0.4813751157,0.2847194155
290,1,3,0.1208333206,0.5557623423,0.3234043371,0.0176133435,0.6715629482,0.3108237083
294,1,1,0.1931766988,0.4242987868,0.3825245145,0.0384275888,0.5284674822,0.4331049290
296,1,4,0.1399229169,0.4724927843,0.3875842988,0.0217807075,0.4930647108,0.4851545817
297,1,3,0.1425397375,0.6698786517,0.1875816109,0.0184566445,0.7868358971,0.1947074584
298,1,3,0.2268335636,0.4924444483,0.2807219881,0.1304556380,0.5802698498,0.2892745122
300,1,0,0.2736542008,0.6011921347,0.1251536645,0.2172799435,0.7255152137,0.0572048428
303,0,4,0.3079628990,0.5347187003,0.1573184007,0.3001848429,0.6033271719,0.0964879852
306,1,3,0.1728655994,0.5555936694,0.2715407312,0.0216017154,0.6943193900,0.2840788946
307,0,4,0.2567840891,0.4010022998,0.3422136111,0.2079209630,0.3716166452,0.4204623918
313,1,4,0.3562433422,0.4155337512,0.2282229066,0.3673257309,0.3471982935,0.2854759756
321,1,4,0.1910701274,0.5485100232,0.2604198495,0.0305786773,0.6540875534,0.3153337693
323,1,4,0.1849357431,0.5488487319,0.2662155251,0.0276789836,0.6560440335,0.3162769829
328,1,4,0.1472459137,0.5488816500,0.3038724363,0.0212068685,0.5884296625,0.3903634689
342,1,2,0.2213268694,0.4186325905,0.3600405401,0.0902494679,0.5349067563,0.3748437758
345,1,2,0.1424602100,0.4357462460,0.4217935440,0.0197420027,0.4573142804,0.5229437169
352,1,2,0.1738475859,0.5763174891,0.2498349249,0.0201692105,0.7053190001,0.2745117894
356,1,0,0.1671230793,0.4608138204,0.3720631003,0.0221092099,0.5580132061,0.4198775840
359,0,0,0.2541225926,0.6020685614,0.1438088460,0.1996690863,0.7229397950,0.0773911187
364,1,4,0.2934564738,0.3890546378,0.3174888884,0.2835629721,0.3344146905,0.3820223374
365,1,2,0.1070583960,0.6658367962,0.2271048078,0.0203239000,0.7154653993,0.2642107006
366,1,4,0.1957331300,0.6187725663,0.1854943037,0.0321798496,0.8027886712,0.1650314792
367,1,4,0.2439307719,0.5603782535,0.1956909746,0.1647806234,0.6374826285,0.1977367481
378,2,1,0.2179471371,0.3935075940,0.3885452689,0.1048662420,0.4068789809,0.4882547771
379,1,3,0.4246275064,0.4698178698,0.1055546238,0.5422983945,0.4227365438,0.0349650617
380,1,2,0.2783355075,0.5699616586,0.1517028339,0.2234937583,0.6989831212,0.0775231206
381,1,3,0.1891634166,0.4413737059,0.3694628775,0.0333837996,0.5919882506,0.3746279498
382,1,1,0.2864785705,0.3683240304,0.3451973991,0.2852098736,0.3919816822,0.3228084442
388,0,2,0.3781169653,0.4427946806,0.1790883541,0.4304631396,0.4851893534,0.0843475071
390,0,2,0.3207075942,0.4439407653,0.2353516405,0.3021355490,0.4403625627,0.2575018883
395,1,3,0.3184646761,0.3413229388,0.3402123851,0.3964718634,0.2639222720,0.3396058647
406,1,1,0.2485747747,0.5098244472,0.2416007781,0.1857797311,0.6197996201,0.1944206488
413,1,3,0.1216904456,0.4435101781,0.4347993764,0.0151698875,0.4520340637,0.5327960488
417,1,4,0.1749248382,0.4405177301,0.3845574317,0.0231650671,0.4823375810,0.4944973519
418,1,0,0.2067472817,0.4236112300,0.3696414883,0.0464463231,0.5383981943,0.4151554826
421,1,2,0.3409977606,0.4825190974,0.1764831420,0.3688841255,0.5376486129,0.0934672615
422,1,4,0.0654691974,0.8419544634,0.0925763392,0.0212183250,0.9576792972,0.0211023778
426,1,1,0.3191529167,0.4651828041,0.2156642792,0.2529677487,0.5285219036,0.2185103477
427,1,4,0.1574557251,0.4557582668,0.3867860081,0.0220442037,0.4869319655,0.4910238308
431,0,4,0.4060923457,0.4159014225,0.1780062318,0.5688279009,0.3102130939,0.1209590052
436,1,2,0.2163194237,0.5106878205,0.2729927559,0.0630775742,0.6277071037,0.3092153220
439,1,0,0.3294834246,0.5593649828,0.1111515926,0.2919141408,0.6541259726,0.0539598866
443,0,0,0.4027118743,0.4290694956,0.1682186301,0.4562991002,0.4586433971,0.0850575027
447,1,3,0.1827751994,0.4127140045,0.4045107961,0.0255407433,0.4749652670,0.4994939897
448,1,2,0.1647289395,0.5184429884,0.3168280721,0.0222806665,0.6196996042,0.3580197293
452,1,2,0.2016382783,0.5663805520,0.2319811697,0.0368241864,0.6955445031,0.2676313105
457,1,1,0.1577790082,0.5967234969,0.2454974949,0.0203883654,0.7456986054,0.2339130293
459,1,0,0.1299109718,0.7075610546,0.1625279736,0.0171054748,0.8732639820,0.1096305432
461,1,1,0.2206192911,0.6000493169,0.1793313920,0.1040432434,0.7619099160,0.1340468406
464,1,1,0.2013993382,0.6405408883,0.1580597735,0.0452684878,0.8280692737,0.1266622385
465,1,1,0.1641052067,0.5594103336,0.2764844596,0.0202090592,0.7391405343,0.2406504065
466,1,4,0.2618370652,0.4318481684,0.3063147664,0.1904474002,0.4244256348,0.3851269649
469,1,4,0.3397894502,0.3726824820,0.2875280678,0.2988205664,0.3272928313,0.3738866024
477,0,3,0.0935202560,0.8376525232,0.0688272208,0.0170505950,0.9454380959,0.0375113091
479,1,0,0.3553250326,0.3650613914,0.2796135759,0.3545664630,0.3247351500,0.3206983871
491,1,4,0.2695291042,0.4158949852,0.3145759106,0.2079209630,0.3716166452,0.4204623918
502,1,3,0.1583923995,0.5058023334,0.3358052671,0.0188270223,0.6489314074,0.3322415703
504,1,0,0.2450092304,0.6568641115,0.0981266580,0.2055670816,0.7442946058,0.0501383126
505,1,4,0.2556908093,0.5084182544,0.2358909363,0.1812303011,0.5524399522,0.2663297468
506,1,1,0.1984852284,0.5776454296,0.2238693420,0.0384747050,0.7319309471,0.2295943479
513,1,4,0.0906435278,0.2466715946,0.6626848776,0.0203218377,0.1841158495,0.7955623128
517,2,2,0.1510677509,0.1350404938,0.7138917553,0.0210912232,0.1129989440,0.8659098328
520,2,0,0.1736687247,0.3782467786,0.4480844967,0.0226266055,0.3431530413,0.6342203532
521,2,2,0.0748738801,0.1195678496,0.8055582703,0.0177950446,0.1049573488,0.8772476065
524,2,0,0.1131437785,0.3792500766,0.5076061449,0.0127554405,0.2861277215,0.7011168381
525,2,4,0.0633586119,0.1255177250,0.8111236631,0.0164366017,0.1374697595,0.8460936388
526,1,4,0.1901635230,0.4018412530,0.4079952240,0.0313407858,0.3930698065,0.5755894076
528,2,3,0.1524252422,0.3143231822,0.5332515756,0.0160885135,0.2206424715,0.7632690149
529,2,0,0.0336784127,0.0391167331,0.9272048542,0.0102516309,0.0465983225,0.9431500466
538,2,0,0.0675842374,0.0910055617,0.8414102009,0.0116765949,0.0985390695,0.8897843356
541,2,1,0.0225169602,0.0357858648,0.9416971750,0.0138821373,0.0469194717,0.9391983910
542,1,3,0.1296146382,0.2179169687,0.6524683930,0.0181451560,0.1210148858,0.8608399582
545,1,2,0.1109597021,0.3287059093,0.5603343886,0.0188967380,0.2222853132,0.7588179487
553,1,1,0.1229800433,0.1707074791,0.7063124776,0.0205025370,0.1172705500,0.8622269129
563,2,2,0.1334444543,0.3242106937,0.5423448520,0.0188967380,0.2222853132,0.7588179487
564,2,0,0.0738042129,0.0958403998,0.8303553872,0.0121629926,0.0984905740,0.8893464334
565,2,0,0.1271941969,0.1163469785,0.7564588245,0.0143264634,0.0985381139,0.8871354228
568,2,3,0.0735319246,0.1488369830,0.7776310924,0.0118071735,0.1108994760,0.8772933504
570,2,2,0.1064505926,0.2050199910,0.6885294164,0.0203412850,0.1498664353,0.8297922797
571,2,3,0.0553295455,0.0922558592,0.8524145953,0.0107423530,0.1038903740,0.8853672730
581,1,2,0.0520112373,0.1163459438,0.8316428189,0.0155603602,0.1035844622,0.8808551776
592,1,1,0.2712425807,0.3055357842,0.4232216351,0.2551781120,0.2384842169,0.5063376711
593,2,3,0.1169974011,0.2923968500,0.5906057490,0.0165448249,0.1985378992,0.7849172759
594,1,4,0.1011007927,0.2435115223,0.6553876850,0.0215820437,0.1838790127,0.7945389436
599,2,3,0.2523684800,0.1726505458,0.5749809742,0.1559791635,0.1040266652,0.7399941712
603,2,3,0.0512096847,0.0878840092,0.8609063061,0.0107064813,0.0973944430,0.8918990757
610,2,3,0.0293016544,0.0458666010,0.9248317446,0.0099025359,0.0551330374,0.9349644267
611,2,4,0.0631690775,0.1010687731,0.8357621494,0.0164366017,0.1374697595,0.8460936388
617,2,4,0.0362541560,0.0479384879,0.9158073561,0.0153723109,0.0377665415,0.9468611476
620,2,4,0.1666521728,0.3753424585,0.4580053687,0.0216255117,0.3484621465,0.6299123418
622,2,0,0.0910189816,0.2284652574,0.6805157611,0.0137806376,0.1853133102,0.8009060522
625,1,0,0.1758185748,0.3616142517,0.4625671735,0.0219636439,0.2885684904,0.6894678657
632,1,2,0.1816661209,0.1499040276,0.6684298515,0.0234916224,0.1272140266,0.8492943510
634,2,3,0.1197868389,0.3401240186,0.5400891425,0.0160885135,0.2206424715,0.7632690149
635,2,0,0.0442141787,0.0719417869,0.8838440344,0.0107251214,0.0654423640,0.9238325146
636,1,0,0.1627924789,0.3781409674,0.4590665537,0.0167860381,0.2969984243,0.6862155375
638,2,1,0.1303434074,0.3231309354,0.5465256572,0.0198313416,0.2373502581,0.7428184003
660,2,4,0.1191138625,0.2644267678,0.6164593697,0.0215820437,0.1838790127,0.7945389436
665,1,0,0.1320375075,0.3958356737,0.4721268188,0.0125185751,0.2993841554,0.6880972696
676,2,2,0.1019137137,0.2536586840,0.6444276023,0.0202290715,0.1674517587,0.8123191698
683,2,2,0.0594573214,0.0790424058,0.8615002728,0.0158097191,0.0859527651,0.8982375158
685,1,3,0.1729858816,0.2649230659,0.5620910525,0.0203139391,0.1672634738,0.8124225871
687,2,3,0.2291459854,0.3096834375,0.4611705771,0.1325010192,0.2224871855,0.6450117953
689,2,3,0.0963420354,0.1657440526,0.7379139121,0.0141187564,0.1106400597,0.8752411839
693,2,2,0.0391378411,0.0510093358,0.9098528231,0.0148936637,0.0514276935,0.9336786428
696,2,3,0.0635767728,0.1461580843,0.7902651429,0.0110552832,0.1091919658,0.8797527510
697,2,4,0.0110702816,0.0119383944,0.9769913240,0.0140690663,0.0227023570,0.9632285766
698,1,0,0.0875741230,0.1470695265,0.7653563505,0.0129439567,0.1204273246,0.8666287187
699,2,4,0.1067650020,0.1689719260,0.7242630720,0.0207138672,0.1588448885,0.8204412443
700,1,4,0.0322171828,0.0336373492,0.9341454680,0.0149154316,0.0264290982,0.9586554702
701,2,2,0.0765710175,0.1028412282,0.8205877542,0.0177950446,0.1049573488,0.8772476065
706,2,2,0.1754607357,0.2224427246,0.6020965397,0.0211913159,0.1672873024,0.8115213817
707,2,4,0.0717551490,0.1435713332,0.7846735178,0.0171254115,0.1492340195,0.8336405689
709,1,3,0.0898420241,0.1965597629,0.7135982130,0.0135115970,0.1126405558,0.8738478472
714,2,4,0.1339733005,0.2182878256,0.6477388740,0.0215820437,0.1838790127,0.7945389436
718,2,4,0.1134688201,0.1235697213,0.7629614586,0.0211950912,0.1368046794,0.8420002294
721,2,1,0.0857297778,0.2607745528,0.6534956694,0.0193253111,0.1785549869,0.8021197020
724,1,0,0.2952571809,0.3292541206,0.3754886985,0.3092190728,0.2712268671,0.4195540601
726,1,0,0.1058810949,0.3039036989,0.5902152061,0.0138980585,0.2221798463,0.7639220952
728,2,2,0.1281013955,0.3790115473,0.4928870573,0.0172682576,0.3716512771,0.6110804653
734,2,4,0.0362344198,0.0440004058,0.9197651744,0.0154475885,0.0330545174,0.9514978940
736,2,4,0.1354138722,0.3085371302,0.5560489976,0.0193757334,0.2697406019,0.7108836647
739,2,3,0.0849663398,0.1590174001,0.7560162601,0.0125404507,0.1108171843,0.8766423650
740,1,3,0.0733721789,0.1019477189,0.8246801022,0.0118921751,0.1044987137,0.8836091113
741,1,1,0.0925786414,0.1551357645,0.7522855941,0.0196993790,0.1149606272,0.8653399938
750,2,1,0.1208125120,0.1576995540,0.7214879340,0.0200906683,0.1149147404,0.8649945913
755,1,3,0.1300767194,0.4076903402,0.4622329405,0.0145171517,0.4082948906,0.5771879578
759,2,3,0.1019821882,0.2224499070,0.6755679048,0.0151620632,0.1456614610,0.8391764759
763,1,3,0.1147352291,0.2236229446,0.6616418263,0.0175689502,0.1489273662,0.8335036836
766,2,3,0.1616216475,0.3461424164,0.4922359361,0.0179144890,0.2395939239,0.7424915871
768,2,3,0.0342529685,0.0367087842,0.9290382474,0.0100966458,0.0551222285,0.9347811256
770,2,4,0.1015417740,0.1808814135,0.7175768125,0.0210592999,0.1614938495,0.8174468505
774,2,3,0.1275287103,0.2752163667,0.5972549230,0.0171793847,0.1677986416,0.8150219736
779,2,4,0.1702372432,0.3263314366,0.5034313202,0.0193757334,0.2697406019,0.7108836647
780,2,0,0.1142897259,0.2125159699,0.6731943043,0.0143017652,0.1857347668,0.7999634680
783,2,4,0.0400994414,0.0530868314,0.9068137272,0.0156913281,0.0445724682,0.9397362038
784,2,0,0.0791439643,0.1246164748,0.7962395608,0.0126916741,0.0984378628,0.8888704631
785,2,3,0.1143165959,0.3033863261,0.5822970780,0.0162198452,0.2142805234,0.7694996314
786,2,1,0.0856856163,0.2011348709,0.7131795128,0.0175930803,0.1625501504,0.8198567693
795,2,3,0.1516263359,0.3028574631,0.5455162010,0.0162198452,0.2142805234,0.7694996314
806,2,0,0.0194842291,0.0262582969,0.9542574740,0.0097241661,0.0441815372,0.9460942967
808,2,2,0.1746687293,0.3600394428,0.4652918279,0.0187834272,0.3935551045,0.5876614683
809,2,1,0.1538353310,0.2984247297,0.5477399393,0.0202196705,0.2224163754,0.7573639541
811,2,2,0.1291337869,0.2800915158,0.5907746973,0.0202290715,0.1674517587,0.8123191698
816,0,3,0.2879546370,0.2891635981,0.4228817649,0.2018223996,0.2027628582,0.5954147422
820,2,2,0.1237197686,0.4064351977,0.4698450337,0.0178356804,0.4089745122,0.5731898074
825,2,3,0.0895022844,0.2172906745,0.6932070410,0.0137817503,0.1148927119,0.8713255377
826,2,0,0.2022658587,0.3587529063,0.4389812350,0.0473266666,0.3373652046,0.6153081288
829,1,1,0.1774329543,0.3918659091,0.4307011366,0.0281554439,0.4068037529,0.5650408032
835,2,2,0.0788400608,0.1331942956,0.7879656436,0.0179692759,0.1065546534,0.8754760708
840,1,2,0.1451534076,0.4072921397,0.4475544526,0.0186863601,0.4284807110,0.5528329289
842,2,1,0.1393106708,0.4061495601,0.4545397691,0.0199903912,0.4420863535,0.5379232553
