id,stratum,cls,lon,lat
0,intact,0,26.874673776182696,-33.326643641314334
1,intact,0,25.29678297962676,-32.587150499427146
2,intact,0,25.04884796120977,-32.42248930784804
3,intact,0,26.78412359554345,-33.52849508565599
4,intact,0,26.120358432107533,-33.24714273866976
5,intact,0,25.675692366468372,-33.38431548255481
6,intact,0,26.887340021688782,-33.12560068072839
7,intact,0,26.951749227560153,-33.15847902012716
8,intact,0,25.389219622362656,-33.32772161965528
9,intact,0,25.76866799837474,-33.40425808186227
10,intact,0,25.660331175109928,-33.32960808175193
11,intact,0,24.848882978964763,-33.74975014013463
12,intact,0,26.642638938294624,-32.66072252119653
13,intact,0,24.772346516757782,-32.92644418223909
14,intact,0,26.941777927906426,-33.500467648791464
15,intact,0,25.839275579706538,-33.34604725145132
16,intact,0,26.77496077964543,-33.54924616871915
17,intact,0,26.746663848195666,-33.07978660123829
18,intact,0,25.51642106659398,-33.78478443621529
19,intact,0,25.62880030863733,-33.380812052946744
20,intact,0,27.68558298315739,-32.99300934479235
21,intact,0,21.742688389536283,-33.45600104222755
22,intact,0,22.276018173718043,-33.513133894297546
23,intact,0,25.46306113871728,-33.453575590960426
24,intact,0,26.78062016593538,-33.5578699954467
25,intact,0,26.563677024820517,-32.994356817718526
26,intact,0,21.62195481535062,-33.45707902056849
27,intact,0,25.893982980509417,-32.51492595058394
28,intact,0,26.80217973275425,-33.04879472393617
29,intact,0,26.075891825543618,-33.28056006723901
30,intact,0,25.45928821452398,-33.73816187296949
31,intact,0,25.531782257952425,-33.339848875990896
32,intact,0,26.811881537822742,-32.531365120283326
33,intact,0,25.47680536256431,-33.600180645328734
34,intact,0,25.83253821507564,-33.32152324419486
35,intact,0,26.910516556019065,-33.49157432747868
36,intact,0,24.68718622782325,-33.59128732401595
37,intact,0,25.439076120631288,-33.4436042913067
38,intact,0,25.563582619010255,-33.589400861919295
39,intact,0,26.38742756607627,-33.02993010296966
40,intact,0,27.770473777506684,-32.87065880309527
41,intact,0,26.422192367571693,-33.536310428627836
42,intact,0,25.899911861384606,-33.67105772124576
43,intact,0,24.153047959885782,-33.552480103741985
44,intact,0,26.31304706055117,-33.01834183580452
45,intact,0,24.322829548584373,-33.75163660223128
46,intact,0,26.759060599116516,-32.50360717800403
47,intact,0,26.864432981943736,-33.18839291908834
48,intact,0,26.698154822853212,-32.6176033875588
49,intact,0,26.692764931148496,-33.22531367726565
50,intact,0,26.756096158678922,-32.9595920162231
51,intact,0,25.908535688112153,-32.39311439805733
52,intact,0,26.532954642103633,-32.99381782854805
53,intact,0,25.466564568325346,-33.84973263125713
54,intact,0,26.36452052633122,-33.05364562647041
55,intact,0,26.383924136468202,-32.68336006635635
56,intact,0,25.141554098530904,-32.90461512083498
57,intact,0,24.59421059591688,-33.661625410762504
58,intact,0,25.771632438812336,-33.67833407504713
59,intact,0,24.67748442275476,-33.78694039289718
60,intact,0,26.693303920318964,-33.02184526541258
61,intact,0,26.7679539204293,-33.02642667336159
62,intact,0,26.902970707632463,-33.4939997787458
63,intact,0,25.54902991140752,-33.372188226219194
64,intact,0,25.49513099436035,-33.38943587967429
65,intact,0,26.705700671239814,-32.63323407350248
66,intact,0,26.710282079188826,-33.60799598830057
67,intact,0,24.41284074005315,-33.64626421940406
68,intact,0,25.814482077864838,-33.48321999533637
69,intact,0,25.80531926196682,-33.59748569947637
70,intact,0,22.818510773797822,-33.3015806448874
71,intact,0,23.63427088330676,-33.061999958612724
72,intact,0,25.328852835269824,-33.34874219730368
73,intact,0,25.639849586632003,-33.396981728060894
74,intact,0,25.48003929758714,-33.63386746848321
75,intact,0,24.61253622771292,-33.77777757699916
76,intact,0,24.980396336559863,-32.35215122110148
77,intact,0,25.605893268892284,-33.43578894833486
78,intact,0,25.80451077821111,-33.30346710698405
79,intact,0,26.788166014321988,-33.14662125837678
80,intact,0,25.123228466734865,-33.22504418268042
81,intact,0,23.860376840319642,-33.211030464248154
82,intact,0,27.116949408309733,-32.69791277395908
83,intact,0,27.162224498629357,-32.65021223237234
84,intact,0,26.40548370328707,-33.597755194061605
85,intact,0,26.941238938735953,-32.76932883904659
86,intact,0,24.520369079562254,-33.697198696013636
87,intact,0,26.9250692636218,-33.14850772047343
88,intact,0,25.317803557275155,-33.71148190903114
89,intact,0,25.418594532153364,-33.049603207691874
90,intact,0,23.757968897930017,-32.969832810462066
91,intact,0,26.11874146459612,-33.40425808186227
92,intact,0,26.822661321232175,-33.09218335215914
93,intact,0,25.477074857149546,-33.475943641535004
94,intact,0,23.478503013040434,-33.11751584317131
95,intact,0,26.82104435372076,-33.11158696229612
96,intact,0,24.96368767227524,-32.87739616772616
97,intact,0,25.014083159714342,-32.2756147588945
98,intact,0,26.991634426175057,-33.503162594643825
99,intact,0,26.83020716961878,-33.26007847876108
100,intact,0,25.92740030907866,-32.44108443422931
101,intact,0,21.764517450940385,-34.0456551947236
102,intact,0,26.699232801194153,-33.06523389363556
103,intact,0,21.597430808094156,-33.45330609637519
104,intact,0,25.25689778101185,-32.841014398719324
105,intact,0,24.897661498892454,-33.7645723423226
106,intact,0,25.554958792282708,-33.74516873218562
107,intact,0,24.426045974729703,-33.65165411110878
108,intact,0,24.401252472888007,-32.53028714194238
109,intact,0,26.748819804877552,-33.03208605965155
110,intact,0,25.20677178815798,-33.12128876736461
111,intact,0,26.999719263732135,-33.153628117592916
112,intact,0,26.802449227339487,-33.00702306322461
113,intact,0,24.869095072857455,-33.76214689105548
114,intact,0,26.07131041759461,-33.382698515043394
115,intact,0,25.313761138496616,-33.736544905458075
116,intact,0,25.086846697728024,-32.89841674537456
117,intact,0,25.410240200011053,-33.38000356919104
118,intact,0,24.320673591902484,-33.65731349739873
119,intact,0,24.230662400433708,-33.172223243974194
120,intact,0,26.768762404185004,-33.002980644446076
121,intact,0,24.900625939330048,-33.753523064327936
122,intact,0,26.330564208591504,-33.51825429141703
123,intact,0,26.59412991295217,-33.211569453418626
124,intact,0,25.53151276336719,-33.62416566341472
125,intact,0,24.662931715152023,-33.778047071584396
126,intact,0,28.000891647883343,-32.816220896877624
127,intact,0,25.734442186049787,-33.58023804602128
128,intact,0,25.44689146360313,-32.65209869446899
129,intact,0,26.898119805098215,-33.25953948959061
130,intact,0,26.956061140923925,-33.325565662973396
131,intact,0,26.114968540402817,-33.14958569881438
132,intact,0,23.874390558751905,-33.10431060849476
133,intact,0,26.985436050714632,-33.16737234143994
134,intact,0,26.31062160928405,-33.53657992321307
135,intact,0,25.86514705988918,-33.30508407449547
136,intact,0,25.238302654630576,-33.39455627679377
137,intact,0,25.187907167191472,-32.4537506797354
138,intact,0,24.83352178760632,-33.72253118702581
139,intact,0,25.470606987103885,-33.32314021170627
140,intact,0,26.80487467860661,-33.54143082574731
141,intact,0,26.76391150165076,-32.529478658186676
142,intact,0,23.209277922389813,-33.36868479661113
143,intact,0,27.803352116905458,-32.72863515667597
144,intact,0,25.336398683656427,-33.38593245006623
145,intact,0,26.546429371365424,-33.18569797323598
146,intact,0,26.89084345129685,-33.20078967000919
147,intact,0,24.908710776887123,-32.345413856470586
148,intact,0,26.632398144055664,-33.35440158359363
149,intact,0,26.31951493059683,-33.361947431980234
150,intact,0,23.82480355506851,-33.52606963438887
151,intact,0,26.784393090128685,-33.04717775642475
152,intact,0,25.28815915289921,-32.535407539061865
153,intact,0,26.11092612162428,-33.151202666325794
154,intact,0,26.819966375379817,-33.2369019444308
155,intact,0,26.69033947988137,-32.586611510256674
156,intact,0,26.85823460648331,-33.434710969993915
157,intact,0,26.74639435361043,-33.21830681804952
158,intact,0,26.529451212495566,-32.99327883937758
159,intact,0,26.82562576166977,-33.53065104233788
160,intact,0,25.71665554342422,-33.470014760659815
161,intact,0,25.556845254379358,-33.58131602436222
162,intact,0,26.966571429748125,-32.73887595091493
163,intact,0,26.569605905695706,-33.000555193178954
164,intact,0,26.849341285170528,-33.23582396608985
165,intact,0,25.086307708557552,-32.91889833385249
166,intact,0,26.707856627921704,-33.45654003139802
167,intact,0,23.746919619935348,-33.05714905607848
168,intact,0,26.741273956490947,-32.620567827996396
169,intact,0,27.969360781410746,-32.73025212418739
170,intact,0,26.318975941426363,-32.58041313479625
171,intact,0,26.703275219972692,-33.18381151113933
172,intact,0,23.154301027001697,-33.27894309972759
173,intact,0,25.635537673268228,-33.443065302136226
174,intact,0,24.392898140745693,-32.20770212341506
175,intact,0,25.147213484820856,-33.54816819037821
176,intact,0,25.46440861164346,-33.34685573520703
177,intact,0,26.712707530455948,-32.622454290093046
178,intact,0,26.824817277914065,-33.455731547642316
179,intact,0,26.429199226787826,-33.53253750443453
180,intact,0,24.79444507274712,-33.72926855165671
181,intact,0,25.61855951439837,-32.71812486785177
182,intact,0,25.62691384654068,-33.78451494163006
183,intact,0,27.838386412986118,-32.93560699813711
184,intact,0,25.207849766498924,-33.500467648791464
185,intact,0,25.80963117533059,-33.68210699924043
186,intact,0,26.66770193472156,-33.13422450745593
187,intact,0,25.780795254710355,-33.64437775730741
188,intact,0,25.515612582838273,-33.67806458046189
189,intact,0,25.92820879283437,-33.380812052946744
190,intact,0,21.75589362421284,-33.49723371376864
191,intact,0,26.79301691685623,-32.566399416363986
192,intact,0,26.80433568943614,-33.20644905629914
193,intact,0,24.303695433032626,-33.79664219796567
194,intact,0,27.903873597198434,-32.82888714238371
195,intact,0,24.976892906951797,-32.89599129410744
196,intact,0,26.619731898549578,-33.66108642159203
197,intact,0,26.74558586985472,-33.2616954462725
198,intact,0,27.23417955288733,-33.23501548233415
199,intact,0,26.49468641100014,-32.735642015892104
200,intact,0,25.34259705911685,-33.247412233255
201,intact,0,28.28143551111387,-32.603589669126535
202,intact,0,25.814751572450074,-33.46300790144368
203,intact,0,25.451742366137374,-33.33391999511571
204,intact,0,25.53474669839002,-32.69926024688526
205,intact,0,25.264982618568926,-33.58805338899312
206,intact,0,26.45560969614094,-33.40021566308373
207,intact,0,25.768398503789506,-33.46085194476179
208,intact,0,25.265521607739398,-33.24579526574358
209,intact,0,23.740451749889687,-33.05849652900466
210,intact,0,21.70172521258043,-34.09982360635601
211,intact,0,24.05225698500757,-33.792330284601896
212,intact,0,27.93782991493815,-32.69413984976578
213,intact,0,27.07409976925723,-33.44549075340335
214,intact,0,26.494416916414902,-33.6217402121476
215,intact,0,25.058280271693025,-32.424106275359456
216,intact,0,26.76391150165076,-33.02534869502065
217,intact,0,26.647759335414104,-32.98465501265004
218,intact,0,25.965399045596918,-33.358174507786934
219,intact,0,25.752767817845825,-32.66611241290125
220,intact,0,26.806761140703262,-32.574214759335824
221,intact,0,25.356071788378646,-33.02885212462871
222,intact,0,26.04004904570725,-33.372727215389666
223,intact,0,25.656558250916625,-33.54762920120774
224,intact,0,27.028824678937607,-33.25603605998254
225,intact,0,25.77783081427276,-32.34837829690818
226,intact,0,24.63059236492372,-33.35655754027552
227,intact,0,26.234354641662303,-33.14662125837678
228,intact,0,25.255280813500434,-32.5394499578404
229,intact,0,26.39308695236622,-32.68982793640201
230,intact,0,25.658444713013278,-32.2688773942636
231,intact,0,25.061514206715856,-33.90255356996336
232,moderate,1,25.32507991107652,-32.80921403766149
233,moderate,1,21.76748189137798,-33.482142016995425
234,moderate,1,25.93871908165857,-32.43731151003601
235,moderate,1,25.93467666288003,-32.47477125738379
236,moderate,1,26.72995518391104,-33.38889689050382
237,moderate,1,24.54354561389254,-32.10286872975831
238,moderate,1,26.674708793937693,-32.70572811693092
239,moderate,1,24.14226817647635,-33.25334111413019
240,moderate,1,25.818524496643377,-32.69360086059531
241,moderate,1,25.17631890002633,-33.54816819037821
242,moderate,1,25.848977384775026,-32.93587649272234
243,moderate,1,25.31672557893421,-33.018880824974985
244,moderate,1,26.11954994835183,-32.412787502779544
245,moderate,1,26.7860100576401,-32.52004634770342
246,moderate,1,26.640752476197974,-33.07412721494834
247,moderate,1,25.6075102364037,-32.40092974102917
248,moderate,1,26.38230716895679,-33.112125951466595
249,moderate,1,24.580735866655086,-32.264834975485066
250,moderate,1,25.866764027400595,-32.41440447029096
251,moderate,1,26.507891645676697,-33.01187396575886
252,moderate,1,26.24405644673079,-32.398773784347284
253,moderate,1,26.223574858252867,-32.47504075196903
254,moderate,1,26.112543089135695,-32.351342737345774
255,moderate,1,26.58254164578703,-33.62335717965902
256,moderate,1,25.738754099413562,-32.655063134906584
257,moderate,1,25.890210056316114,-32.44728280968974
258,moderate,1,21.712504995989867,-34.1591124151079
259,moderate,1,26.376378288081597,-32.63107811682059
260,moderate,1,25.909074677282625,-33.322870717121035
261,moderate,1,25.742527023606865,-32.702763676493326
262,moderate,1,25.404041824550628,-33.701241114792175
263,moderate,1,24.71710012678443,-32.39527035473922
264,moderate,1,25.92551384698201,-32.241658441154776
265,moderate,1,26.685758071932362,-32.574484253921064
266,moderate,1,24.672633520220515,-32.26726042675219
267,moderate,1,25.300286409234822,-32.85745356841871
268,moderate,1,26.85877359565378,-33.01591638453739
269,moderate,1,25.415899586301006,-33.608265482885805
270,moderate,1,26.097451392362487,-32.58122161855196
271,moderate,1,23.11387683921632,-33.28864490479608
272,moderate,1,26.87521276535317,-32.69521782810673
273,moderate,1,24.924880452001275,-33.24525627657311
274,moderate,1,26.629972692788538,-33.61931476088048
275,moderate,1,25.773518900908986,-32.93695447106329
276,moderate,1,25.340710597020202,-32.81702938063333
277,moderate,1,23.966288212317334,-33.54116133116208
278,moderate,1,26.5334936312741,-33.68803588011562
279,moderate,1,25.412665651278175,-33.55274959832722
280,moderate,1,24.79444507274712,-33.32448768463245
281,moderate,1,25.280074315342134,-33.33230302760429
282,moderate,1,26.796789841049534,-32.92833064433574
283,moderate,1,25.216204098641235,-33.34308281101372
284,moderate,1,24.86666962159033,-32.94584779237607
285,moderate,1,25.184403737583406,-32.92698317140956
286,moderate,1,26.781698144276326,-32.5965828099104
287,moderate,1,25.432338756000394,-32.851255192958284
288,moderate,1,23.820491641704734,-33.083290030846356
289,moderate,1,23.359925395536656,-33.20671855088438
290,moderate,1,26.715941465478778,-32.87577920021475
291,moderate,1,23.72536005311648,-33.46058245017656
292,moderate,1,25.617751030642662,-32.40443317063723
293,moderate,1,24.713327202591127,-32.41440447029096
294,moderate,1,25.922549406544416,-33.11562938107466
295,moderate,1,25.745221969459223,-32.727557178335026
296,moderate,1,25.899372872214133,-32.493635878350304
297,moderate,1,25.395687492408317,-33.37434418290108
298,moderate,1,26.597633342560236,-32.713543459902766
299,moderate,1,26.036545616099183,-33.15012468798485
300,moderate,1,25.31807305186039,-33.22181024765759
301,moderate,1,26.68387160983571,-32.98088208845673
302,moderate,1,23.178286045087688,-33.370301764122544
303,moderate,1,26.717288938404955,-33.017263857463576
304,moderate,1,27.460824499070686,-32.87631818938522
305,moderate,1,25.31861204103086,-32.86742486807244
306,moderate,1,24.572920523683248,-33.052028658958996
307,moderate,1,23.923977562435304,-33.23474598774891
308,moderate,1,26.546159876780187,-32.96228696207546
309,moderate,1,24.344658609988475,-32.136555552912796
310,moderate,1,25.307293268450955,-32.85448912798112
311,moderate,1,25.9562362296989,-32.59873876659229
312,moderate,1,27.986338940280604,-32.77795266577413
313,moderate,1,26.344847421609003,-32.69171439849866
314,moderate,1,25.144788033553734,-32.415751943217145
315,moderate,1,24.14334615481729,-33.201328659179666
316,moderate,1,25.92308839571489,-33.54089183657684
317,moderate,1,26.640213487027502,-33.15255013925197
318,moderate,1,26.308196158016926,-32.593348874887575
319,moderate,1,24.694732076209853,-32.42383678077422
320,moderate,1,26.522174858694196,-33.54897667413392
321,moderate,1,25.40134687869827,-32.63997143813337
322,moderate,1,27.91061096182933,-32.67985663674828
323,moderate,1,24.525219982096502,-32.94126638442706
324,moderate,1,24.56106276193287,-33.51232541054184
325,moderate,1,24.98255229324175,-32.29879129322478
326,moderate,1,26.741543451076183,-32.853141655054934
327,moderate,1,25.791305543534556,-32.669076853338844
328,moderate,1,24.100766010350025,-33.019150319560225
329,moderate,1,25.8209499479105,-32.55642811671026
330,moderate,1,25.13670319599666,-33.54035284740637
331,moderate,1,26.80217973275425,-33.142578839598244
332,moderate,1,26.982741104862274,-32.66287847787842
333,moderate,1,26.612455544748208,-32.74291836969347
334,moderate,1,26.65853911882354,-32.87173678143621
335,moderate,1,25.85275030896833,-32.45428966890587
336,moderate,1,25.82930428005281,-33.000555193178954
337,moderate,1,25.304867817183833,-32.94557829779084
338,moderate,1,24.10373045078762,-33.81820176478454
339,moderate,1,22.18196456347073,-33.51609833473514
340,moderate,1,25.01489164347005,-32.34649183481152
341,moderate,1,24.89469705845486,-32.40443317063723
342,moderate,1,26.626738757765708,-33.41476837068646
343,moderate,1,24.119630631316536,-33.06092198027178
344,moderate,1,25.703450308747666,-32.94557829779084
345,moderate,1,23.815910233755726,-33.517176313076085
346,moderate,1,25.7961564460688,-32.58822847776809
347,moderate,1,25.017317094737173,-33.88072450855926
348,moderate,1,24.641372148333154,-33.7360059162876
349,moderate,1,24.52656745502268,-32.074032809138075
350,moderate,1,24.192394169330218,-33.659738948665854
351,moderate,1,25.797773413580213,-33.57592613265751
352,moderate,1,25.703450308747666,-32.713273965317526
353,moderate,1,25.67434489354219,-32.578796167284835
354,moderate,1,26.783045617202507,-33.068737323243624
355,moderate,1,24.411762761712204,-33.292148334404146
356,moderate,1,26.921835328598974,-32.771215301143236
357,moderate,1,26.620001393134814,-33.558678479202406
358,moderate,1,26.243517457560323,-32.54834327915319
359,moderate,1,24.27485951241239,-33.203215121276315
360,moderate,1,25.461444171205866,-32.00612017365864
361,moderate,1,25.645508972921956,-33.60799598830057
362,moderate,1,25.622062944006437,-32.44943876637162
363,moderate,1,26.04463045365626,-32.500103748395965
364,moderate,1,25.357958250475296,-32.63889345979243
365,moderate,1,24.496114566891027,-32.975761691337254
366,moderate,1,25.050195434135947,-33.89905014035529
367,moderate,1,25.78834110309696,-32.72081981370413
368,moderate,1,24.150353014033424,-33.19728624040113
369,moderate,1,24.74378009072278,-33.060113496516074
370,moderate,1,27.170848325356904,-32.655063134906584
371,moderate,1,25.07795337641524,-32.392844903472096
372,moderate,1,23.950657526373654,-33.124522702387445
373,moderate,1,22.114860411747,-33.525530645218396
374,moderate,1,26.72025337884255,-32.64670880276427
375,moderate,1,25.513726120741623,-33.53873587989496
376,moderate,1,24.395593086598055,-32.549421257494124
377,moderate,1,26.707048144165995,-33.04663876725428
378,moderate,1,24.894427563869623,-32.932642557699516
379,moderate,1,25.38975861153313,-33.19701674581589
380,moderate,1,26.13760608556263,-33.594251764453546
381,moderate,1,25.61209164435271,-32.63296457891724
382,moderate,1,25.20057341269756,-33.029391113799186
383,moderate,1,24.35031799627843,-33.64599472481883
384,moderate,1,26.743699407758072,-33.02211475999782
385,moderate,1,27.25088821717195,-33.2625039300282
386,moderate,1,24.640563664577446,-32.256211148757515
387,moderate,1,26.119280453766592,-32.613830463365495
388,moderate,1,25.881855724173803,-32.43246060750177
389,moderate,1,26.8250867724993,-33.25819201666443
390,moderate,1,26.98112413735086,-33.25630555456778
391,moderate,1,25.79858189733592,-32.62110681716686
392,moderate,1,24.62169904361094,-32.934259525210926
393,moderate,1,24.1764939888013,-33.13718894789353
394,moderate,1,24.71521366468778,-32.30445067951473
395,moderate,1,26.66635446179538,-33.16764183602518
396,moderate,1,25.75977467706196,-32.570441835142525
397,moderate,1,26.391469984854805,-33.038014940526736
398,moderate,1,25.75061186116394,-32.70195519273762
399,moderate,1,26.09718189777725,-32.663417467048895
400,moderate,1,25.772440922568045,-32.93614598730758
401,moderate,1,23.791386226499263,-33.53253750443453
402,moderate,1,25.327505362343643,-32.79627829757017
403,moderate,1,24.740276661114713,-33.021306276242115
404,moderate,1,24.450569981986167,-33.68345447216661
405,moderate,1,25.679465290661675,-32.27588425347973
406,moderate,1,26.377186771837305,-32.65155970529852
407,moderate,1,26.69572937158609,-32.93722396564853
408,moderate,1,26.684141104420945,-32.59631331532517
409,moderate,1,26.337032078637165,-33.097573243863856
410,moderate,1,24.286178284992296,-33.28945338855179
411,moderate,1,24.966382618127597,-32.40173822478488
412,moderate,1,24.713596697176364,-32.89841674537456
413,moderate,1,25.207849766498924,-32.537294001158514
414,moderate,1,22.186545971419736,-33.15713154720098
415,moderate,1,24.59798352011018,-32.8814385865047
416,moderate,1,25.702641824991957,-32.48016114908851
417,moderate,1,23.808094890783885,-33.448994183011415
418,moderate,1,24.038512761160543,-33.01402992244074
419,moderate,1,26.769301393355477,-32.605476131223185
420,moderate,1,21.730830627785906,-34.02625158458662
421,moderate,1,25.39811294367544,-33.5788905730951
422,moderate,1,26.6650069888692,-33.5721532084642
423,moderate,1,24.587473231285983,-33.781819995777695
424,moderate,1,26.60383171802066,-32.56586042719351
425,moderate,1,26.536458071711696,-32.667459885827434
426,moderate,1,26.641560959953683,-32.68982793640201
427,moderate,1,25.22051601200501,-32.971719272558715
428,moderate,1,24.77611944095108,-32.77444923616607
429,moderate,1,23.218171243702596,-33.36383389407688
430,moderate,1,25.64254453248436,-32.53837197949946
431,moderate,1,24.657002834276835,-33.76996223402732
432,moderate,1,26.722139840939203,-32.762860969000926
433,moderate,1,26.26507702437919,-33.275439670119525
434,moderate,1,25.642275037899125,-33.2406748686241
435,moderate,1,22.054763119239404,-33.51421187263849
436,moderate,1,26.34188298117141,-33.50720501342236
437,moderate,1,25.646856445848133,-32.690097430987244
438,moderate,1,24.596366552598766,-33.504779562155235
439,moderate,1,24.978779369048446,-33.24983768452212
440,moderate,1,27.965587857217443,-32.88521151069801
441,moderate,1,26.58254164578703,-32.61032703375743
442,moderate,1,25.347717456236335,-33.60799598830057
443,moderate,1,24.850230451890944,-33.731963497509064
444,moderate,1,25.838197601365593,-32.96363443500164
445,moderate,1,23.78761330230596,-32.98115158304197
446,moderate,1,25.02405445936807,-32.86850284641338
447,moderate,1,25.29678297962676,-32.884403026942294
448,moderate,1,24.907902293131418,-32.843439849986446
449,moderate,1,26.043821969900552,-32.417638405313795
450,moderate,1,26.235971609173717,-32.591192918205685
451,moderate,1,21.761822505088027,-33.488340392455854
452,moderate,1,24.96368767227524,-32.9167423771706
453,moderate,1,26.60140626675354,-33.32125374960962
454,moderate,1,25.641466554143417,-32.297174325713364
455,moderate,1,26.536727566296932,-33.18300302738363
456,moderate,1,26.514359515722358,-33.17869111401985
457,moderate,1,26.338110056978106,-32.69521782810673
458,moderate,1,26.258878648918763,-33.002441655275604
459,moderate,1,27.222860780307425,-33.234476493163676
460,moderate,1,25.753576301601534,-32.53594652823234
461,moderate,1,25.181169802560575,-32.51492595058394
462,moderate,1,23.46907070255718,-33.23555447150462
463,moderate,1,26.50250175397198,-32.971449777973476
464,moderate,1,26.712168541285475,-33.099729200545745
465,moderate,1,25.916081536498755,-32.3793701742103
466,moderate,1,24.523603014585085,-32.26240952421794
467,moderate,1,25.456862763256858,-32.06055807987628
468,moderate,1,23.754195973736714,-32.92563569848338
469,moderate,1,26.938005003713123,-32.73133010252833
470,moderate,1,27.368387856334785,-32.876048694799984
471,moderate,1,24.643797599600276,-32.14005898252086
472,moderate,1,25.265252113154162,-32.90192017498263
473,moderate,1,26.494416916414902,-33.0843680091873
474,moderate,1,23.609207886879823,-33.71202089820161
475,moderate,1,25.713152113816157,-33.660547432421566
476,moderate,1,25.666260055985116,-32.3402934593511
477,moderate,1,25.299747420064353,-33.48375898450684
478,moderate,1,21.609288569844534,-33.4797165657283
479,moderate,1,26.38149868520108,-32.61302197960979
480,moderate,1,25.050464928721183,-33.320984255024385
481,moderate,1,25.789419081437902,-33.0054060957132
482,moderate,1,27.159529552777,-32.65209869446899
483,moderate,1,24.773424495098723,-32.85017721461734
484,moderate,1,25.311874676399967,-32.81136999434338
485,moderate,1,22.18519849849356,-33.53119003150835
486,moderate,1,26.07508334178791,-32.394731365568745
487,moderate,1,24.121247598827953,-33.59667721572067
488,moderate,1,25.177935867537744,-32.98869743142857
489,moderate,1,26.60140626675354,-33.6217402121476
490,moderate,1,23.973295071533467,-33.244717287402636
491,moderate,1,26.929920166156048,-32.760435517733804
492,moderate,1,26.56421601399099,-32.58768948859762
493,moderate,1,25.522080452883934,-33.385123966310516
494,moderate,1,26.719444895086845,-33.34523876769561
495,moderate,1,24.90628532562,-33.39428678220854
496,moderate,1,26.3410744974157,-33.080864579579234
497,moderate,1,22.03239506866483,-33.50127613254717
498,moderate,1,24.228236949166586,-32.32412378423695
499,moderate,1,25.932520706198144,-32.814064940195735
500,moderate,1,24.60445139015584,-32.87308425436239
501,moderate,1,25.41616908088624,-33.556522522520524
502,moderate,1,24.01857016185309,-33.06415591529461
503,moderate,1,24.945901029649672,-33.20213714293537
504,moderate,1,26.411951573332733,-33.5683802842709
505,moderate,1,25.331278286536946,-33.56406837090713
506,moderate,1,24.55890680525098,-32.89221836991413
507,severe,2,22.276826657473748,-33.52445266687746
508,severe,2,23.63427088330676,-33.12560068072839
509,severe,2,23.479042002210907,-33.11104797312565
510,severe,2,25.71611655425375,-33.23474598774891
511,severe,2,24.28402232831041,-33.15901800929763
512,severe,2,21.783651566492132,-34.038378840922235
513,severe,2,24.872867997050754,-33.02615717877636
514,severe,2,24.866939116175566,-33.20348461586155
515,severe,2,24.701738935425986,-33.095147792596734
516,severe,2,24.98309128241222,-33.11374291897801
517,severe,2,24.482909332214472,-32.87901313523758
518,severe,2,22.135072505639688,-33.215342377611925
519,severe,2,24.932426300387878,-33.198903207912544
520,severe,2,24.653499404668768,-32.113918007752986
521,severe,2,24.36217575802881,-33.45842649349467
522,severe,2,25.401077384113034,-33.03046909214013
523,severe,2,24.89065463967632,-33.52526115063316
524,severe,2,25.24126709506817,-32.554002665443136
525,severe,2,23.736409331111147,-33.05095068061806
526,severe,2,25.134277744729538,-33.573231186805145
527,severe,2,25.286542185387795,-32.957436059541216
528,severe,2,26.05972215042947,-33.37434418290108
529,severe,2,24.41203225629744,-33.04340483223145
530,severe,2,25.106519802450244,-33.56730230592996
531,severe,2,24.67937088485141,-33.508821980933774
532,severe,2,25.31672557893421,-33.58131602436222
533,severe,2,26.178299767933243,-33.15524508510433
534,severe,2,25.377631355197515,-32.98761945308763
535,severe,2,26.568527927354765,-32.98761945308763
536,severe,2,24.793636588991415,-32.75127270183578
537,severe,2,25.127001390928168,-33.008909525321265
538,severe,2,25.93198171702767,-32.5852640373305
539,severe,2,24.536808249261643,-33.67968154797331
540,severe,2,26.36910193428023,-33.126409164484095
541,severe,2,25.10274687825694,-33.02157577082735
542,severe,2,25.10139940533076,-32.49040194332748
543,severe,2,25.195992004748547,-32.824575229019935
544,severe,2,25.342058069946383,-32.91620338800013
545,severe,2,24.362984241784513,-32.5461873224713
546,severe,2,24.977162401537033,-32.85556710632206
547,severe,2,24.18457882635838,-33.14608226920631
548,severe,2,25.070677022613875,-33.484028479092075
549,severe,2,25.190063123873358,-33.215342377611925
550,severe,2,25.10732828620595,-33.17545717899702
551,severe,2,25.886167637537575,-32.52786169067526
552,severe,2,24.599869982206833,-33.479986060313536
553,severe,2,25.27198947778506,-33.135032991211645
554,severe,2,25.683777204025446,-33.2406748686241
555,severe,2,24.195897598938284,-33.080864579579234
556,severe,2,26.640482981612738,-32.7175858786813
557,severe,2,25.16904254622496,-33.004867106542726
558,severe,2,23.97302557694823,-33.18596746782122
559,severe,2,24.18134489133555,-32.80059021093395
560,severe,2,24.56106276193287,-33.03693696218579
561,severe,2,25.232373773755388,-32.57529273767677
562,severe,2,24.312049765174937,-33.215342377611925
563,severe,2,24.1050779237138,-32.83535501242937
564,severe,2,24.706320343374998,-32.45725410934347
565,severe,2,21.605785140236467,-33.25819201666443
566,severe,2,26.77738623091255,-32.55912306256262
567,severe,2,24.817621607077406,-32.98249905596815
568,severe,2,25.64200554331389,-32.98088208845673
569,severe,2,24.661314747640606,-32.985732990990975
570,severe,2,25.83765861219512,-32.69521782810673
571,severe,2,25.163113665349773,-33.515559345564675
572,severe,2,25.07040752802864,-33.486184435773964
573,severe,2,24.216648682001445,-33.22019328014618
574,severe,2,25.129965831365762,-32.41386548112049
575,severe,2,25.045344531601703,-33.01187396575886
576,severe,2,23.908077381906388,-33.08221205250541
577,severe,2,24.60984128186056,-33.46112143934703
578,severe,2,24.0660012088546,-33.3007721611317
579,severe,2,23.72347359101983,-33.18111656528698
580,severe,2,24.954255361791983,-33.06334743153891
581,severe,2,24.994410054992127,-32.97037179963254
582,severe,2,24.910058249813304,-33.16467739558759
583,severe,2,24.9949490441626,-33.21642035595287
584,severe,2,24.73542575858047,-33.50451006757
585,severe,2,24.561332256518106,-33.56784129510043
586,severe,2,24.87125102953934,-33.453036601789954
587,severe,2,24.49341962103867,-33.450880645108064
588,severe,2,24.390742184063807,-32.52166331521483
589,severe,2,23.810789836636246,-33.054184615640885
590,severe,2,23.760124854611902,-33.18300302738363
591,severe,2,24.952907888865806,-33.114012413563245
592,severe,2,21.647556800948024,-33.54493425535538
593,severe,2,25.105172329524063,-32.46857288192337
594,severe,2,26.5440039200983,-33.130451583262634
595,severe,2,27.747027748591165,-33.002980644446076
596,severe,2,25.954349767602245,-32.67204129377644
597,severe,2,24.636790740384146,-32.946925770717016
598,severe,2,25.85921817901399,-33.54331728784396
599,severe,2,22.606149040631966,-33.28675844269943
600,severe,2,25.47545788963813,-32.001808260294865
601,severe,2,24.748092004086555,-33.752984075157464
602,severe,2,24.706320343374998,-33.04124887554956
603,severe,2,24.793097599820943,-33.182194543627915
604,severe,2,25.140206625604726,-33.38215952587292
605,severe,2,24.582083339581267,-33.48187252241019
606,severe,2,22.652232614707298,-33.294304291086036
607,severe,2,25.188715650947177,-33.16952829812183
608,severe,2,24.440329187747206,-33.44980266676712
609,severe,2,24.039051750331016,-33.05768804524895
610,severe,2,25.151794892769868,-33.508821980933774
611,severe,2,24.74836149867179,-32.48070013825898
612,severe,2,25.174701932514914,-32.91701187175583
613,severe,2,25.03510373736274,-33.07574418245976
614,severe,2,24.926227924927456,-33.46731981480745
615,severe,2,25.14586601189468,-33.43336349706774
616,severe,2,25.942222511266635,-32.5364855174028
617,severe,2,25.60939669850035,-33.600180645328734
618,severe,2,25.349603918332985,-33.457618009738965
619,severe,2,22.350129184657902,-33.55301909291246
620,severe,2,25.252046878477604,-33.252532630374475
621,severe,2,24.48102287011782,-33.440639850869104
622,severe,2,25.331547781122183,-32.84397883915692
623,severe,2,24.284291822895646,-33.287566926455135
624,severe,2,26.837214028834914,-33.09838172761957
625,severe,2,24.461349765395603,-33.20348461586155
626,severe,2,23.18610138805953,-33.37542216124203
627,severe,2,24.72545445892674,-33.0301995975549
628,severe,2,24.632209332435135,-32.87146728685097
629,severe,2,24.676945433584287,-33.21668985053811
630,severe,2,24.99171510913977,-32.4222198132628
631,severe,2,24.2794409203614,-33.16225194432047
632,severe,2,21.587190013855192,-33.43228551872679
633,severe,2,25.05477684208496,-32.91539490424442
634,severe,2,25.02405445936807,-32.84882974169116
635,severe,2,25.069868538858167,-33.45600104222755
636,severe,2,23.800549042397282,-33.143117828768716
637,severe,2,25.2587842431085,-33.5293035694117
638,severe,2,25.69267052533823,-32.46614743065625
639,severe,2,25.38248225773176,-32.63134761140583
640,severe,2,24.905476841864292,-33.37434418290108
641,severe,2,25.466025579154874,-33.63629291975034
642,severe,2,24.707128827130703,-32.89006241323225
643,severe,2,24.579927382899378,-32.98330753972385
644,severe,2,25.05801077710779,-33.09676476010815
645,severe,2,24.39532359201282,-33.23932739569792
646,severe,2,26.531337674592216,-33.15794003095669
647,severe,2,25.1197250371268,-33.052298153544236
648,severe,2,25.210275217766046,-33.01187396575886
649,severe,2,25.605893268892284,-33.223427215169
650,severe,2,24.28267485538423,-32.363739488266624
651,severe,2,24.419578104684046,-32.800051221763475
652,severe,2,25.00141691420826,-33.37434418290108
653,severe,2,26.10041583280008,-33.643299778966465
654,severe,2,24.56887810490471,-33.077091655385935
655,severe,2,24.129601930970264,-32.8243057344347
656,severe,2,24.801990921133726,-32.436233531695066
657,severe,2,25.854367276479746,-32.89167938074367
658,severe,2,25.65251583213809,-33.558947973787646
659,severe,2,24.776388935536318,-32.839666925793146
660,severe,2,25.294357528359633,-32.66233948870795
661,severe,2,24.375919981875835,-33.22962559062943
662,severe,2,24.600408971377306,-33.13584147496735
663,severe,2,25.203268358549916,-33.073049236607396
664,severe,2,25.65170734838238,-32.9205153013639
665,severe,2,26.35805265628556,-33.15713154720098
666,severe,2,26.51759345074519,-33.08625447128395
667,severe,2,25.68674164446304,-33.59667721572067
668,severe,2,25.094931535285102,-32.38287360381837
669,severe,2,25.177935867537744,-32.80921403766149
670,severe,2,25.243423051750057,-32.64778678110522
671,severe,2,25.210275217766046,-33.085445987528246
672,severe,2,25.35768875589006,-33.43821439960198
673,severe,2,24.97204200441755,-32.405241654392945
674,severe,2,24.805494350741792,-33.17060627646278
675,severe,2,25.330739297366474,-33.40937847898174
676,severe,2,25.765164568766675,-32.926174687653855
677,severe,2,25.797234424409744,-32.67904815299257
678,severe,2,24.259767815639183,-33.23905790111268
679,severe,2,24.820316552929764,-33.05687956149325
680,severe,2,24.141998681891113,-33.207257540054854
681,severe,2,25.19464453182237,-32.76744237694994
682,severe,2,25.721506445958468,-32.86958082475432
683,severe,2,25.060705722960147,-33.174109706070844
684,severe,2,25.170659513736375,-33.09892071679004
685,severe,2,24.396671064938996,-33.5788905730951
686,severe,2,24.641102653747918,-32.91701187175583
687,severe,2,21.75778008630949,-34.23510988814441
688,severe,2,25.229139838732557,-32.91081349629541
689,severe,2,24.323368537754845,-32.48743750288988
690,severe,2,24.881222329193065,-33.07816963372688
691,severe,2,25.196261499333783,-32.91620338800013
692,severe,2,25.858140200673045,-33.11482089731896
693,severe,2,24.593402112161172,-33.573231186805145
694,severe,2,22.252841639387757,-33.53119003150835
695,severe,2,25.486237673047565,-33.777508082413924
696,severe,2,22.059883516358884,-33.15497559051909
697,severe,2,24.801990921133726,-33.509091475519014
698,severe,2,24.50770283405617,-32.29474887444624
699,severe,2,24.712788213420655,-32.435964037109834
700,severe,2,24.18889073972215,-33.128565121165984
701,severe,2,25.10463334035359,-32.432730102087
702,severe,2,24.3937066245014,-33.24363930906169
703,severe,2,25.213509152788877,-32.936684976478055
704,severe,2,24.75941077666646,-32.96686837002447
705,severe,2,25.682699225684505,-32.93911042774518
706,severe,2,21.747808786655764,-33.25792252207919
707,severe,2,24.987133701190757,-33.16764183602518
708,severe,2,25.110831715814015,-33.392939309282355
709,severe,2,24.72222052390391,-33.09919021137527
710,severe,2,25.907457709771208,-32.396617827665395
711,severe,2,24.4042169133256,-32.50738010219733
712,severe,2,24.499348501913857,-32.28908948815629
713,severe,2,23.078034059379952,-33.37542216124203
714,severe,2,24.660775758470137,-33.01861133038975
715,severe,2,24.476980451339283,-33.20806602381056
716,severe,2,24.381040378995316,-33.57161421929373
717,severe,2,24.51147575824947,-32.92347974180149
718,severe,2,24.692576119527967,-33.28918389396655
719,severe,2,23.857412399882048,-33.44629923715906
720,severe,2,25.17173749207732,-33.39240032011189
721,severe,2,24.83352178760632,-32.8175683698038
722,severe,2,24.398288032450413,-33.19027938118499
723,severe,2,25.31349164391138,-32.68389905552682
724,severe,2,26.18692359466079,-33.299963677375985
725,severe,2,25.204615831476094,-33.161443460564755
726,severe,2,24.58181384499603,-32.919437323022954
727,severe,2,25.298938936308645,-33.02265374916829
728,severe,2,25.022976481027126,-32.91728136634107
729,severe,2,24.20074850147253,-33.33365050053047
730,severe,2,25.303250849672416,-32.617872882144034
731,severe,2,24.67425048773193,-32.45590663641728
732,severe,2,25.015161138055287,-32.398504289762045
733,severe,2,24.443832617355273,-33.44629923715906
734,severe,2,24.94266709462684,-33.41476837068646
735,severe,2,24.560793267347634,-33.157670536371455
736,severe,2,25.24396204092053,-32.62973064389441
737,severe,2,25.224288936198313,-32.90596259376117
738,severe,2,26.089097060220176,-33.44387378589193
739,severe,2,26.141109515170697,-33.46435537436986
740,severe,2,24.806302834497497,-32.48851548123082
741,severe,2,25.110292726643543,-32.48016114908851
742,severe,2,24.323368537754845,-32.51411746682823
743,severe,2,24.430627382678715,-33.27058876758528
744,severe,2,25.538250127998086,-32.17078136523775
745,severe,2,24.77504146261014,-32.98249905596815
746,severe,2,24.13822575769781,-33.022923243753525
747,severe,2,24.489107707674897,-33.23501548233415
748,severe,2,24.718178105125375,-32.47450176279856
749,severe,2,25.287889658313976,-32.8024766730306
750,severe,2,24.362714747199277,-32.55022974124984
751,severe,2,24.651073953401646,-33.02534869502065
752,severe,2,25.022706986441893,-33.17249273855943
753,severe,2,24.76453117378594,-33.335267468041884
754,severe,2,25.04615301535741,-32.494174867520776
755,severe,2,25.872423413690548,-32.564243459682096
756,severe,2,25.155567816963167,-33.478099598216886
757,severe,2,24.455420884520414,-33.52714761272981
758,severe,2,24.89712250972198,-32.456445625587754
759,severe,2,25.06232269047156,-32.48689851371941
760,severe,2,25.486237673047565,-33.242291836135514
761,severe,2,23.45209254368732,-33.22073226931664
762,severe,2,24.258959331883474,-33.215611872197165
763,severe,2,24.798217996940423,-32.33409508389068
764,severe,2,25.773249406323753,-33.22477468809518
765,severe,2,24.997643990014957,-32.87524021104428
766,severe,2,25.12161149922345,-33.54466476077015
767,severe,2,25.71881150010611,-33.13260753994452
768,severe,2,24.890385145091084,-33.36356439949165
769,severe,2,24.86478315949368,-33.50639652966665
770,severe,2,25.0987044594784,-32.52408876648196
771,severe,2,25.672727926030777,-32.32924418135643
772,severe,2,23.739373771548742,-33.44845519384094
773,severe,2,25.765164568766675,-32.98708046391716
774,severe,2,25.55738424354983,-32.92240176346055
775,severe,2,24.465661678759375,-33.25846151124966
776,severe,2,26.35347124833655,-33.06119147485702
777,severe,2,24.448144530719045,-33.20213714293537
778,severe,2,22.243678823489738,-33.48699291952967
779,severe,2,24.594749585087353,-33.39186133094142
780,severe,2,24.88472575880113,-34.10332703596408
781,severe,2,24.309085324737342,-33.18758443533263
782,severe,2,24.919221065711323,-32.45698461475823
783,severe,2,25.238302654630576,-33.5435867824292
784,severe,2,23.422987128481846,-33.1234447240465
785,severe,2,25.75788821496531,-32.93533750355187
786,severe,2,24.76129723876311,-33.015377395366926
787,severe,2,21.653216187237977,-33.54520374994062
788,severe,2,25.005459332986796,-32.93048660101763
789,severe,2,24.452995433253292,-33.260886962516786
790,severe,2,25.416708070056714,-33.0204977924864
791,severe,2,25.175510416270622,-32.57125031889823
792,severe,2,26.714055003382125,-32.84694327959451
793,severe,2,25.862991103207293,-32.237346527791004
794,severe,2,25.092506084017977,-33.05310663729994
795,severe,2,25.706145254600024,-33.517445807661325
796,severe,2,24.634095794531785,-33.14177035584254
797,severe,2,25.45201186072261,-33.53280699901977
798,severe,2,26.020375940985033,-32.51303948848729
799,severe,2,25.014622148884815,-33.12694815365457
800,severe,2,24.091872689037242,-33.259000500420136
801,severe,2,26.632128649470427,-33.037745445941496
802,severe,2,24.9205685386375,-33.178421619434616
803,severe,2,24.647301029208343,-32.13493858540138
804,severe,2,25.207310777328452,-33.1835420165541
805,severe,2,21.772602288497463,-33.25522757622684
806,severe,2,24.395593086598055,-33.038014940526736
807,severe,2,23.977876479482475,-33.10107667347192
808,severe,2,25.175240921685386,-32.839127936622674
809,severe,2,24.3899337003081,-33.2129169263448
810,severe,2,24.072469078900262,-33.58131602436222
811,severe,2,23.53347990842855,-33.169797792707065
812,severe,2,24.476980451339283,-33.01941981414546
813,severe,2,25.26713857525081,-33.52094923726939
814,severe,2,21.71897286603553,-33.25630555456778
815,severe,2,26.981663126521333,-33.18273353279839
816,severe,2,21.690675934585762,-33.99040880475025
817,severe,2,24.737581715262355,-33.17976909236079
818,severe,2,25.22563640912449,-33.54062234199161
819,severe,2,24.41284074005315,-33.2129169263448
820,severe,2,24.807919802008914,-32.94342234110895
821,severe,2,24.620351570684758,-32.15326421719742
822,severe,2,24.198592544790642,-33.21668985053811
823,severe,2,24.356516371738856,-32.514386961413464
824,severe,2,25.89883388304366,-33.43929237794293
825,severe,2,25.2197075282493,-32.890870896987956
826,severe,2,27.433336051376628,-32.90892703419876
827,severe,2,24.384274314018146,-32.51357847765776
828,severe,2,24.690150668260845,-33.37137974246349
829,severe,2,23.45478748953968,-33.223427215169
830,severe,2,24.731922328972402,-33.11509039190419
831,severe,2,25.340441102434966,-32.84586530125357
832,severe,2,24.05629940378611,-32.2440838924219
833,severe,2,24.15385644364149,-33.201328659179666
834,severe,2,25.08388225729043,-32.890870896987956
835,severe,2,25.150716914428923,-33.120480283608906
836,severe,2,26.154045255262016,-33.13934490457542
837,severe,2,24.910866733569012,-33.521218731854624
838,severe,2,24.56294922402952,-32.121733350724824
839,severe,2,24.424159512633054,-33.04475230515763
840,severe,2,26.197164388899754,-33.13206855077405
841,severe,2,24.05522142544517,-33.07224075285169
842,severe,2,24.53492178716499,-33.04556078891334
843,severe,2,25.022976481027126,-33.15228064466674
844,severe,2,25.886167637537575,-32.23492107652388
845,severe,2,25.24638749218765,-33.457348515153726
